"","Kingdom","Phylum","Class","Order","Family","Genus.x","Genus.y","Species"
"TACGGAGGGTGCAAGCGTTGTCCGGATTTATTGGGTTTAAAGGGTACGTAGGCGGATTTTTAAGTCCGTGGTGAAAGCCTACAGCTTAACTGTAGAACTGCCATGGATACTGGAAATCTTGAATTCAGTTGAGGTAAGCGGAATTTATGATGTAGCGGTGAAATGCATAGATATCATAAAGAACACCTATTGCGAAGGCAGCTTGCTGGACTTGAATTGACGCTGAGGTACGAAAGCGTGGGGAGCGAACAGG","Bacteria","Bacteroidota","Bacteroidia","Cytophagales","Cyclobacteriaceae","Ekhidna","Ekhidna","lutea"
"TACGTAGGGGGCTAGCGTTGTCCGGAATCACTGGGCGTAAAGGGTTCGCAGGCGGAAATGCAAGTCAGGTGTAAAAGGCAGTAGCTTAACTACTGTAAGCATTTGAAACTGCATATCTTGAGAAGAGTAGAGGTAAGTGGAATTTTTAGTGTAGCGGTGAAATGCGTAGATATTAAAAAGAATACCGGTGGCGAAGGCGACTTACTGGGCTCATTCTGACGCTGAGGAACGAAAGCGTGGGTAGCAAACAGG","Bacteria","Firmicutes","Clostridia","Peptostreptococcales-Tissierellales","Peptoniphilus",NA,NA,NA
"TACGGAGGGCGCAAGCGTTACTCGGAATCACTGGGCGTAAAGAGCGTGTAGGCGGATAGATAAGTTGGGAGTGAAATCCTATGGCTCAACCATAGAACTGCTTCCAAAACTGTCTATCTAGAGTATGGGAGAGGTAGATGGAATTTCTGGTGTAGGGGTAAAATCCGTAGAGATCAGAAGGAATACCGATTGCGAAGGCGATCTACTGGAACATTACTGACGCTGAGACGCGAAAGCGTGGGGAGCAAACAGG","Bacteria","Campilobacterota","Campylobacteria","Campylobacterales","Arcobacteraceae","Malaciobacter","Malaciobacter","pacificus"
"TACGAAGGGGGCAAGCGTTGTTCGGAATTACTGGGCGTAAAGAGTACGTAGGCTGTCAATTCAGTTAGGTGTGAAATCCCAGGGCTCAACCCTGGAACTGCACTTAATACTAGTTGACTAGAATATAAGAGAGGGAAGTGGAATTTCTAGTGTAGGAGTGAAATCCGTAGATATTAGAAGGAACACCAGAGGCGAAGGCGACTTCCTGGCTTATAATTGACGCTGAGGTACGAAAGCGTGGGTAGCAAACAGG","Bacteria",NA,NA,NA,NA,NA,NA,NA
"TACGGAGGGGGTTAGCGTTGTTCGGAATTACTGGGCGTAAAGCGCGCGTAGGCGGATTGGAAAGTTGGGGGTGAAATCCCGGGGCTCAACCCCGGAACGGCCTCCAAAACTCCCAGTCTTGAGTTCGAGAGAGGTGAGTGGAATTCCGAGTGTAGAGGTGAAATTCGTAGATATTCGGAGGAACACCAGTGGCGAAGGCGGCTCACTGGCTCGATACTGACGCTGAGGTGCGAAAGTGTGGGGAGCAAACAGG","Bacteria","Proteobacteria","Alphaproteobacteria","Rhodobacterales","Rhodobacteraceae","Aestuariicoccus","Leisingera","daeponensis"
"TACGAAGGGACCTAGCGTAGTTCGGAATTACTGGGCTTAAAGAGTTCGTAGGTGGTTGAAAAAGTTAGTGGTGAAATCCCAGAGCTTAACTCTGGAACTGCCATTAAAACTTTTTAGCTAGAGTATGATAGAGGAAAGCAGAATTTCTAGTGTAGAGGTGAAATTCGTAGATATTAGAAAGAATACCAATTGCGAAGGCAGCTTTCTGGATCATTACTGACACTGAGGAACGAAAGCATGGGTAGCGAAGAGG","Bacteria","Proteobacteria","Alphaproteobacteria","SAR11 clade","Clade I","Clade Ia",NA,NA
"TACGGAGGGTGCGAGCGTTAATCGGAATTACTGGGCGTAAAGCGCGCGTAGGCGGTTGATTAAGTCGGATGTGAAAGCCCTGGGCTTAACCTGGGAACTGCATTCGATACTGGTCGACTGGAGTACGAGAGAGGGAGGTAGAATTCCACGTGTAGCGGTGAAATGCGTAGATATGTGGAGGAATACCGGTGGCGAAGGCGGCCTCCTGGCTTGATACTGACGCTGAGGTGCGAAAGCGTGGGGAGCAAACAGG","Bacteria","Proteobacteria","Gammaproteobacteria","Cellvibrionales","Halieaceae",NA,NA,NA
"TACGGAGGGTGCAAGCGTTAATCGGAATTACTGGGCGTAAAGCGTACGTAGGTGGTTATTTAAGTGGAATGTGAAAGCCCTGGGCTCAACCTAGGAACTGCATGCCAAACTAAATAACTAGAGTACAGCAGAGGAGTGTGGAATTTCCTGTGTAGCGGTGAAATGCGTAGATATAGGAAGGAACATCAGTGGCGAAGGCGACACTCTGGGTTGATACTGACACTGAGGTACGAAAGCGTGGGGAGCAAACAGG","Bacteria","Proteobacteria","Gammaproteobacteria","Oceanospirillales",NA,NA,NA,NA
"TACGTAGGGAGCAAGCGTTGTTCGGAATCATTGGGCGTAAAGCGCGTGTAGGCGGCTTGGCAAGTCCGTTGTGAAAGCCCACAGCTTAACTGTGGAACTGCGACGGAAACTGCCTTGCTAGAGTGCGGGAGAGGAGAGTGGAATTCCCAGTGTAGAGGTGAAATTCGTAGATACTGGGAGGAACACCGGTGGCGAAGGCGGCTCTCTGGACCGCTACTGACGCTGAGACGCGAAAGCTAGGGGAGCAAACGGG","Bacteria","Nitrospinota","P9X2b3D02",NA,NA,NA,NA,NA
"TACGGAGGGTCCAAGCGTTATCCGGATTTATTGGGTTTAAAGGGTGCGCAGGCGGAATGATAAGTCAGTGGTGAAAACCTACAGCTCAACTGTAGACCTGCCATTGATACTGTCATTCTTGAGTACAGTGGAAGTGGGCGGAATGTATCATGTAGCGGTGAAATGCATAGATATGATACAGAACACCGATAGCGTAAGCAGCTCACTATACTGAAACTGACGCTCAGGCACGAAAGCGTGGGGAGCAAACAGG","Bacteria","Bacteroidota","Bacteroidia","Sphingobacteriales","Lentimicrobiaceae",NA,NA,NA
"TACGGAGGGTGCAAACGTTGCTCGGAATCATTGGGCGTAAAGCGCGCGTAGGCGGCTTGGCAAGTTGGATGTGAAAGCCCTGGGCTCAACCCAGGATGTGCATCCAAAACTGCTTCGCTTGAATCTCGGAGGGGGACAGGGAATTCTCGGTGTAGAGGTGAAATTCGTAGATATCGGGAGGAACACCAGTGGCGAAGGCGCTGTCCTGGACGATGATTGACGCTGAGGCGCGAAAGCGTGGGGAGCAAACAGG","Bacteria","Myxococcota","Polyangia","Nannocystales","Nannocystaceae","Pseudenhygromyxa",NA,NA
"TACGGAGGATGCAAGCGTTATCCGGATTCATTGGGTTTAAAGGGTGCGCAGGCGGGCTTGTAAGTCAGTGGTGAAATACTGCCGCTTAACGGTAGAACTGCCATTGATACTGCGAGTCTTGAGTATGGTTGAGGTAGGCGGAATGTGTAGTGTAGCGGTGAAATGCATAGATATTACACAGAACTCCGATTGCGAAGGCAGCTTACTAAGCCATAACTGACGCTGAGGCACGAAAGCGTGGGGAGCGAACAGG","Bacteria","Bacteroidota","Bacteroidia","Bacteroidales","Prolixibacteraceae",NA,NA,NA
"TACGAAGGGGGCTAGCGTTGTTCGGAATTACTGGGCGTAAAGGGCGTCTAGGTGGTTTTGTTAGTTGGATGTGAAAGCCCTCGGCTCAACCGAGGAATTGCATCCAAAACTGCATTACTAGAGTGTGAAAGGGGAAGGCGGAATTCCAAGTGTAGCGGTGAAATGCGTAGATATTTGGAGGAACACCGATGGCGAAGGCGGCCTTCTGGTTCAACACTGACACTAAAGCGCGAAGGCTAGGGGAGCGAACAGG","Bacteria","Verrucomicrobiota","Omnitrophia",NA,NA,NA,NA,NA
"TACGAGGGGTGCAAGCGTTAATCGGAATTACTGGGCGTAAAGCGTACGCAGGCGGTTTGTTAAGCGAGATGTGAAAGCCCCGGGCTCAACCTGGGAGCTGCATTTCGAACTGGCAAACTAGAGTCTTGTAGAGGGGGGTAGAATTTCAGGTGTAGCGGTGAAATGCGTAGAGATCTGAAGGAATACCGGTGGCGAAGGCGGCCCCCTGGACAAAGACTGACGCTCAGGTACGAAAGCGTGGGGAGCAAACAGG","Bacteria","Proteobacteria","Gammaproteobacteria","Alteromonadales","Shewanellaceae","Shewanella",NA,NA
"TACGGAGGGTGCAAACGTTGCTCGGAATCATTGGGCGTAAAGCGCACGTAGGCGGTTTGGTAAGTCGGATGTGAAAGCCCTCGGCTCAACCGAGGAAGTGCATTCGAAACTGCCAGACTTGAGTACGGGAGGGGGTTGCGGAATTCCCGGTGTAGAGGTGAAATTCGTAGATATCGGGAGGAACACCAGTGGCGAAGGCGGCAACCTGGACCGATACTGACGCTGAGGTGCGAAAGCGTGGGGAGCAAACAGG","Bacteria","Myxococcota","Polyangia","Haliangiales","Haliangiaceae","Haliangium",NA,NA
"TACGGAGGGTGCAAGCGTTAATCGGAATTACTGGGCGTAAAGCGCGCGTAGGCGGCTTGTTAAGTCGGATGTGAAAGCCCCGGGCTCAACCTGGGAATTGCATTCGATACTGGCTAGCTAGAGTCTGATAGAGGGGTGTGGAATTCCAGGTGTAGCGGTGAAATGCGTAGATATCTGGAGGAACATCAGTGGCGAAGGCGGCACCCTGGATCAAGACTGACGCTGAGGTGCGAAAGCGTGGGGAGCAAACAGG","Bacteria","Proteobacteria","Gammaproteobacteria","Ectothiorhodospirales","Ectothiorhodospiraceae","Thioalbus",NA,NA
"TACGGAGGGTGCAAACGTTGCTCGGAATTATTGGGCGTAAAGCGCTCGTAGGCGGTTTCGTAAGTCGGATGTGAAAGCCCTAGGCTTAACCAAGGAAGTGCATTCGAAACTGTGAGACTTGAGTATGGGAGAGGGTTGTGGAATTCCCGGTGTAGAGGTGAAATTCGTAGATATCGGGAGGAACACCAGTGGCGAAGGCGACAACCTGGACCAATACTGACGCTGAGGAGCGAAAGCGTGGGGAGCAAACAGG","Bacteria","Myxococcota","Polyangia","Haliangiales","Haliangiaceae","Haliangium",NA,NA
"TACGGAGGGGGCTAGCGTTGTTCGGAATTACTGGGCGTAAAGCGCGCGTAGGCGGGCTGTTAAGTCGGGGGTGAAATCCCGGGGCTCAACCCCGGAACTGCCCTCGATACTGGCAGCCTAGAGGATGAGAGAGGCGAGTGGAATTCCGAGTGTAGAGGTGAAATTCGTAGATATTCGGAGGAACACCAGTGGCGAAGGCGGCTCGCTGGCTCATTTCTGACGCTGAGGTGCGAAAGCGTGGGGAGCAAACAGG","Bacteria","Proteobacteria","Alphaproteobacteria","Rhodobacterales","Rhodobacteraceae","Oceanicella",NA,NA
"TACGAAGGGGGCTAGCGTTGTTCGGAATTACTAGGCGTAAAGGGTACGTAGGCGGTTTAACCAGTCAGATGTGAAATCCCAGGGCTCAACCTTGGAACTGCATTTGATACTGTTAGACTAGAATCCGAGAGGGGACAGTGGAATTTCCAGTGTAGAGGTGACATCCGTAGATATTGGAAGGAACACCAGAGGCGAAGGCGACTGTCTGGATCGGTATTGACGCTGAGGTACGAAAGTGTGGGTAGCAAACAGG","Bacteria","Proteobacteria","Alphaproteobacteria",NA,NA,NA,NA,NA
"TACGGAGGGTGCGAGCGTTAATCGGAATTACTGGGCGTAAAGCGCATGCAGGTGGTTTGTTAAGTCAGATGTGAAAGCCCGGGGCTCAACCTCGGAATTGCATTTGAAACTGGCAGACTAGAGTACTGTAGAGGGGGGTAGAATTTCAGGTGTAGCGGTGAAATGCGTAGAGATCTGAAGGAATACCGGTGGCGAAGGCGGCCCCCTGGACAGATACTGACACTCAGATGCGAAAGCGTGGGAAGCAAACAGG","Bacteria","Proteobacteria","Gammaproteobacteria","Vibrionales","Vibrionaceae","Vibrio",NA,NA
"TACATAGGGTGCAAGCGTTATCCGGAATTATTGGGCGTAAAGCGTTCGTAGGCGGTTTATTAAGTCTGAAGTTAAAGCTCGGTGCTCAACACCGACCCGCTTTGGATACTGATAGACTAGAGTTATATAGAGGTTAGCGGAACTCCATGTGAAGCGGTGGAATGCGTAGATATATGGAAGAACACCAATGACGAAGGCAGCTAACTGGATATACACTGACGCTGAGGAACGAAAGCGTGGGGAGCAAACAGG","Bacteria","Firmicutes","Bacilli","Mycoplasmatales","Mycoplasmataceae","Mycoplasma",NA,NA
"TACGGAGGGTGCGAGCGTTAATCGGAATTACTGGGCGTAAAGCGCGCGTAGGTGATTGATTGAGTCGGATGTGAAAGCCCTGGGCTTAACCTGGGAACTGCATTCGATACTGGTCGACTAGAGTACGAGAGAGGGAGGTAGAATTCCACGTGTAGCGGTGAAATGCGTAGATATGTGGAGGAATACCGGTGGCGAAGGCGGCCTCCTGGCTTGATACTGACACTGAGGTGCGAAAGCGTGGGGAGCAAACAGG","Bacteria","Proteobacteria","Gammaproteobacteria","Cellvibrionales","Halieaceae","Halioglobus",NA,NA
"TACGAGGGGTGCAAGCGTTAATCGGAATTACTGGGCGTAAAGCGTACGCAGGCGGTTTGTTAAGCAAGATGTGAAAGCCCCGGGCTCAACCTGGGAACTGCATTTTGAACTGGCAAACTAGAGTCTTGTAGAGGGGGGTAGAATTTCAGGTGTAGCGGTGAAATGCGTAGAGATCTGAAGGAATACCGGTGGCGAAGGCGGCCCCCTGGACAAAGACTGACGCTCAGGTACGAAAGCGTGGGGAGCAAACAGG","Bacteria","Proteobacteria","Gammaproteobacteria","Alteromonadales","Shewanellaceae","Shewanella","Shewanella",NA
"TACGAAGGGTGCAAGCGTTGTTCGGATTTATTGGGCGTAAAGCGCGCGCAGGCGGATAATCAAGTCAGATGTGAAATCTCGGGGCTCAACCTCGAAACTGCGTCTGAAACTGGTAATCTAGAGTCTTGGAGAGGGAAGTGGAATTTCGCATGTAGGGGTAAAATCCGTAGAGATGCGAAGGAACACCAGTGGCGAAGGCGACTTCCTGGACAAGTACTGACGCTGAGGCGCGAAAGCGTGGGGAGCAAACAGG","Bacteria","Bdellovibrionota","Bdellovibrionia","Bacteriovoracales","Bacteriovoracaceae",NA,NA,NA
"TACGAGGGGTGCAAGCGTTAATCGGAATTACTGGGCGTAAAGCGTACGCAGGCGGTTTGTTAAGCGAGATGTGAAAGCCCCGGGCTCAACCTGGGAACTGCATTTCGAACTGGCAAACTAGAGTCTTGTAGAGGGGGGTAGAATTTCAGGTATAGCGGTGAAATGCGTAGAGATCTGAAGGAATACCGGTGGCGAAGGCGGCCCCCTGGACAAAGACTGACGCTCAGGTACGAAAGCGTGGGGAGCAAACAGG","Bacteria","Proteobacteria","Gammaproteobacteria","Alteromonadales","Shewanellaceae","Shewanella",NA,NA
"TACCAGCTCCACTAGCGTATACTAAAGTTGCTGCTGTTAAAAAGCTCGTAGTTGGATATCAGTTATGTGAGCGTGGACAGGGTGTGTATACATTCGGGATCCAGACAACTTTTGTTGGCTCACCAAACTTAATTCAGGACTGCCATTCTGACCATTTCTGTGGCTCGGGTTGGCGTGTCCTGATCTTTTACTTTGAGAAAATTAAAGTGCTCAAAGCAGGCTTTCGCCTGAATGCATTAGCATGGAATAATAAAACACGACTTTGGCATTAGGTTTCAGACCTAAGTGTTTTATTGGTTTTTGGGCCAAAGTAATGATTGATAGGAACACCTGGGGGTGCTAGTATCATCGGGTTAGAGGTTAAATTCTATGACCCCGGTGAGACTGACTTATGCGAAAGCATTCATCAAGTGTGTTTTCTTTAATCAAGAACTAAAGTTGGGGGATCGAAGACG","Eukaryota",NA,NA,NA,NA,NA,NA,NA
"TACGAAGGGTGCTAGCGTTGTTCGGAATTACTGGGCGTAAAGGGCGTGTAGGCGGATATGTAAGTTAGGGGTGAAATCCCGGGGCTCAACCTCGGAACTGCCTTTAATACTGCATATCTAGAATCCATGAGGGGATAGTGGAATATCAAGTGTAGAGGTGAAATTCGTAGATATTTGATGGAACACCAGTGGCGAAGGCGACTATCTGGCATGGCATTGACGCTGAGGCGCGAAAGCGTGGGGAGCAAACAGG","Bacteria","Proteobacteria","Alphaproteobacteria","Rhodospirillales","Terasakiellaceae",NA,NA,NA
"GTGTCAGCCCGCGGTAACACGGGTCGATACAGTGTTTCGCAGCTTGATTAGGTGTAAATGTAATAAGGCGTATTAGGTAGTAATTGGTTTGTTGTTGATTTTTTAGTTATTTTTATATCTTTTTTCTTCATGTGAAATCGTAATTAGTAAAGTTATTGTGATATGAAGAATACCTTCTTATTGGTTTAAAAGGATGTTTGTAGGGTTTTTATATTTAGGAAAACAAAGCCGTAGAGATTAGAAAACCTTCCGAATGTGGAGACGACAAACAATTTTTAATCGACGCTGAATTTACTAAAGCAGGGGTAGCGAGAAAG","Bacteria","Proteobacteria","Alphaproteobacteria","Rickettsiales","Mitochondria",NA,NA,NA
"TACGGAGGGTGCGAGCGTTAATCGGAATTACTGGGCGTAAAGCGTACGCAGGCGGTTTATTAAGCGAGATGTGAAAGCCCCGGGCTCAACCTGGGAACTGCATTTCGAACTGGCAAACTAGAGTGTGATAGAGGGTGGTAGAATTTCAGGTGTAGCGGTGAAATGCGTAGAGATCTGAAGGAATACCGATGGCGAAGGCAGCCACCTGGGTCAACACTGACGCTCATGTACGAAAGCGTGGGGAGCAAACAGG","Bacteria","Proteobacteria","Gammaproteobacteria","Alteromonadales","Pseudoalteromonadaceae","Pseudoalteromonas",NA,NA
"TACGGAGGGTGCAAGCGTTAATCGGAATTACTGGGCGTAAAGCGCGCGTAGGTGGTTTAGTCAGTCAGATGTGAAAGCCCCGGGCTCAACCTGGGAACTGCACCTGATACTGCTAAACTAGAGTACGGTAGAGGGCAGTGGAATTTCCTGTGTAGCGGTGAAATGCGTAGATATAGGAAGGAACACCAGTGGCGAAGGCGACTGCCTGGACTGATACTGACACTGAGGTGCGAAAGCGTGGGGAGCAAACAGG","Bacteria","Proteobacteria","Gammaproteobacteria","Oceanospirillales","Nitrincolaceae","Marinobacterium",NA,NA
"TACGGAGGGTGCGAGCGTTAATCGGAATTACTGGGCGTAAAGCGCATGCAGGTGGTTTGTTAAGTCAGATGTGAAAGCCCGGGGCTCAACCTCGGAATAGCATTTGAAACTGGTAGACTAGAGTACTGTAGAGGGGGGTAGAATTTCAGGTGTAGCGGTGAAATGCGTAGAGATCTGAAGGAATACCGGTGGCGAAGGCGGCCCCCTGGACAGATACTGACACTCAGATGCGAAAGCGTGGGGAGCAAACAGG","Bacteria","Proteobacteria","Gammaproteobacteria","Vibrionales","Vibrionaceae","Vibrio",NA,NA
"TACGGAGGGTGCAAGCATTAATCGGATTTATTGGGTGTAAAGAGCGTGTAGGCGGATAAGTAAGTCAGATGTGAAATTTCGAAGCTCAACTTCGAAGCTGCATTTGAAACTACTTATCTTGAGGGTAGACGGAGAAAACGGAATTCCAAGTGTAGCGGTGAAATGCGTAGATATTTGGAAGAACACCGGTGGCGTAAGCGGTTTTCTAGTTTATTCCTGACGCTGAGACGCGAGAGCAAGGGGAGCAAACAGG","Bacteria","Verrucomicrobiota","Chlamydiae","Chlamydiales","Simkaniaceae","Candidatus Fritschea",NA,NA
"TACGGAGGATCCAAGCGTTATCCGGAATCATTGGGTTTAAAGGGTCCGTAGGTGGATAAATAAGTCAGAGGTGAAATCCTGCAGCTCAACTGTAGAACTGCCTTTGATACTGTTTATCTTGAGTCATTATGAAGTGGTTAGAATGTGTAGTGTAGCGGTGAAATGCATAGATATTACACAGAATACCGATTGCGAAGGCAGATCACTAATAATGTACTGACACTAAGGGACGAAAGCGTGGGGAGCGAACAGG","Bacteria","Bacteroidota","Bacteroidia","Flavobacteriales","Flavobacteriaceae","Aquibacter",NA,NA
"TACGTAGGGTACAAGCATTAATCGGATTTATTGGGCGTAAAGGGCGCGTAGGCGGAAATGCAAGTCGGATGTGAAATCCCGGAGCTCAACTTCGGAACAGCATTTGAAACTACATTCCTAGAGGGTAGACGGAGAAAACGGAATTCCACAAGTAGCGGTGAAATGCGTAGATATGTGGAAGAACACCAGTGGCGAAGGCGGTTTTCTAGTTTATACCTGACGCTGAGGCGCGAAAGCAAGGGGAGCAAACAGG","Bacteria","Verrucomicrobiota","Chlamydiae","Chlamydiales","Parachlamydiaceae",NA,NA,NA
"GACGAACCGTGCGAACGTTATTCGGAATCACTGGGCTTAAAGCGCGCGTAGGCGGGCCGTCGCGTCGGTCGCTGAAAGCCCCCGGCTCAACCGGGGAAGCGGCACCGATACGGGCGGTCTGGAGTGGAGGAGGGGGATCCGGAACTCCCGGTGGAGCGGTGAAATGCGTTGAGATCGGGAGGAACGCCGGCGGCGAAAGCGGGATCCTGGACTTCGACTGACGCTGAGGCGCGAAAGCCAGGGGAGCGAACGGG","Bacteria","Planctomycetota","Planctomycetes","Isosphaerales","Isosphaeraceae",NA,NA,NA
"TACGGAGGGGGTTAGCGTTGTTCGGAATTACTGGGCGTAAAGCGCGCGTAGGCGGATTAGTAAGTTAGAGGTGAAATCCCAGGGCTCAACCCTGGAACTGCCTTTAATACTGCTAGTCTTGAGTTCGAGAGAGGTGAGTGGAATTCCGAGTGTAGAGGTGAAATTCGTAGATATTCGGAGGAACACCAGTGGCGAAGGCGGCTCACTGGCTCGATACTGACGCTGAGGTGCGAAAGCGTGGGGAGCAAACAGG","Bacteria","Proteobacteria","Alphaproteobacteria","Rhodobacterales","Rhodobacteraceae",NA,NA,NA
"TACGGAGGGTGCAAGCATTAATCGGAATTATTGGGCGTAAAGAGCGCGTAGGTGGTAAATAAAGTCTAGGTTGAAATTGCTAAGCTTAACTTAGTAGCTGGCCTAGAAACTTATATACTAGAGGGTAGACGGAGGAAACGGAATTTCACGTGTAGCGGTGAAATGCGTAGATATGTGAAGGAATATCGGTGGCGAAAGCGGTTTTCTAGTTTAACCCTGACACTGAGGCGCGAAAGCAAGGGTAGCAAACAGG","Bacteria","Verrucomicrobiota","Chlamydiae","Chlamydiales",NA,NA,NA,NA
"TACGGAGGGTGCAAGCGTTAATCGGAATTACTGGGCGTAAAGCGTACGTAGGCGGCTTGTTAAGCAAGATGTGAAAGCCCCGGGCTCAACCTGGGAATGGCATTTTGAACTGGCAGGCTCGAGTTCTGAAGAGGGTGGTAGAATTTCCAGTGTAGCGGTGAAATGCGTAGATATTGGAAGGAATACCGGTGGCGAAGGCGGCCACCTGGTCAGAAACTGACGCTGAGGTACGAAAGCGTGGGGAGCAAACAGG","Bacteria","Proteobacteria","Gammaproteobacteria","Alteromonadales","Idiomarinaceae","Idiomarina",NA,NA
"TACGGAGGGTGCAAGCGTTAATCGGAATTACTGGGCGTAAAGCGCGCGTAGGTGGTTGAATAAGTCAGTTGTGAAAGCCCAGGGCTTAACCTTGGAACTGCAATTGATACTGTTTAACTAGAGTGTGGTAGAGGTAAGTGGAATTTCAGGTGTAGCGGTGAAATGCGTAGATATCTGAAGGAACACCAGTGGCGAAGGCGACTTACTGGACTAACACTGACACTGAGGTGCGAAAGCGTGGGTAGCGAACAGG","Bacteria","Proteobacteria","Gammaproteobacteria",NA,NA,NA,NA,NA
"TACGGAGGGTGCGAACGTTAATCGGAATTACTGGGCGTAAAGCGCGCGTAGGCGGTTCGGTAAGTGGGATGTGAAAGCCCCGGGCTCAACCTGGGAATTGCATTCCAAACTGCCGAACTAGAGTATGGTAGAGGGAGGTAGAATTTCCTGTGTAGCGGTGAAATGCGTAGATATAGGAAGGAATACCAGTGGCGAAGGCGGCCTCCTGGACCAATACTGACGCTGAGGTGCGAAAGCGTGGGGAGCAAACAGG","Bacteria","Proteobacteria","Gammaproteobacteria","KI89A clade",NA,NA,NA,NA
"TACGGAGGGTGCAAGCGTTGTTCGGAATTATTGGGCGTAAAGGGCGTGCAGGCGGGTATGCAGGTCAGGTGTGAAATCCCTCGGCTCAACCGAGGAAGTGCATCTGAAACCGTGTATCTTGAGTACGTGAGAGGCAGATGGAATTCCCAGTGTAGAGGTGAAATTCATAGATATTGGGAAGAACACCGGTGGCGAAAGCGGTCTGCTGGCACGATACTGACGCTGAGACGCGAAAGCGTGGGGAGCAAACAGG","Bacteria","Sva0485",NA,NA,NA,NA,NA,NA
"TACGTAGGGTGCGAGCGTTGTCCGGAATTACTGGGCGTAAAGAGCTCGTAGGTGGTTTGTCGCGTCGTCTGTGAAATTCCGGGGCTTAACTTCGGGCGTGCAGGCGATACGGGCATAACTTGAGTGCTGTAGGGGAGACTGGAATTCCTGGTGTAGCGGTGAAATGCGCAGATATCAGGAGGAACACCGATGGCGAAGGCAGGTCTCTGGGCAGTTACTGACGCTGAGGAGCGAAAGCATGGGTAGCAAACAGG","Bacteria","Actinobacteriota","Actinobacteria","Corynebacteriales","Corynebacteriaceae","Corynebacterium","Corynebacterium",NA
"TACGGAGGGGGCCAGCGTTGTTCGGAATTATTGGGCGTAAAGGGCGCGTAGGCGGCCCGACAAGTCAGGCGTGAAATCCCTCGGCTCAACCGAGGAACTGCGTTTGAAACTGTTGGGCTTGAGTCCCGGAGAGGGTAGCGGAATTCCCAGTGTAGCGGTGAAATGCGTAGATATTGGGAGGAACACCAGTGGCGAAGGCGGCTACCTGGACGGGTACTGACGCTGAGGCGCGAAAGCGTGGGGAGCAAACAGG","Bacteria","Acidobacteriota","Subgroup 22",NA,NA,NA,NA,NA
"TACGGAGGGGGCGAGCGTTATTCGGATTTACTGGGCGTAAAGGGTGTGTAGGCGGCATAGTAAGTTAGTAGTGAAATCCCAGGGCTTAACCCTGGAACTGCTGCTAAAACTGCTAAGCTAGAGTTAGGTAGAGGGTAGTAGAATTTCTAGTGTAGGGGTGATATCCGTAGATATTAGAAGGAATGCCAGAGGCGAAGGCGGCTACCTGGAACTATACTGACGCTGAGGCACGAAAGCGTGGGGAGCAAACAGG","Bacteria",NA,NA,NA,NA,NA,NA,NA
"TACGAACTGTGCGAACGTTATTCGGAATCACTGGGCTTAAAGGGTGCGTAGGCGGCTATGAGGGTCAGATGTGAAATCCCACGGCTCAACCGTGGAACTGCGTTTGAAACCGCATAGCTTGAGGAAGTCAGAGGTAAGCGGAACTGATGGTGGAGCGGTGAAATGCGTTGATATTATCAGGAACACCGGTGGCGAAAGCGGCTTACTGGGACTTTTCTGACGCTGAGGCACGAAAGCTAGGGGAGCGAACGGG","Bacteria","Planctomycetota","Planctomycetes","Pirellulales","Pirellulaceae","Blastopirellula",NA,NA
"TACGAATGGAGCGAGCGTTGTTCGGAATCACTGGGCTTAAAGCGTGCGTAGGCGGATTTGCAAGTCAGGAGTGAAATCCCAGGGCTCAACCCTGGAACTGCTCTTGAAACTGCAAGTCTAGAATCCGATAGAGGTCAGGAGAATTCCTAGTGTAGAGGTGAAATTCGCAGATATTAGGAGGAATACCAGTGGCGTAGGCGCCTGACTGGGTCGGTATTGACGCTGAGGTACGAAAGCGTGGGGAGCAAACAGG","Bacteria","Proteobacteria","Alphaproteobacteria","Micavibrionales","Micavibrionaceae",NA,NA,NA
"TACGGAGGGTGCAAGCGTTAATCGGAATTACTGGGCGTAAAGCGCGCGTAGGCGGATAATTAAGTCAGATGTGAAAGCCCTGGGCTCAACCTGGGAACTGCATTTGATACTGGTTATCTAGAGTACAGTAGAGGGGGGTGGAATTCCAGGTGTAGCGGTGAAATGCGTAGATATCTGGAGGAACATCAGTGGCGAAGGCGACCCCCTGGACTGATACTGACGCTGAGGTGCGAAAGCGTGGGTAGCGAACAGG","Bacteria","Proteobacteria","Gammaproteobacteria","Oceanospirillales","Kangiellaceae","Kangiella",NA,NA
"TACGGAGGGAGCTAGCGTTGTTCGGAATTACTGGGCGTAAAGCGCGCGTAGGCGGCTATTCAAGTCAGGGGTGAAATCCCGGGGCTCAACCCCGGAACTGCCCTTGAAACTGGATGGCTAGAATCCTGGAGAGGCGAGTGGAATTCCGAGTGTAGAGGTGAAATTCGTAGATATTCGGAAGAACACCAGTGGCGAAGGCGACTCGCTGGACAGGTATTGACGCTGAGGTGCGAAAGCGTGGGGAGCAAACAGG","Bacteria","Proteobacteria","Alphaproteobacteria","Sphingomonadales","Sphingomonadaceae","Altererythrobacter","Altererythrobacter","marensis"
"TACATAGGGTGCAAGCGTTATCCGGAATTATTGGGCGTAAAGCGTTCGTAGGCGGTTTATTAAGTCTGAAGTTAAAGCTCGGTGCTCAACACCGACCCGCTTTGGATACTGATAGACTAGAGTTATATAGAGGTTAGCGGAACTCCATGTGAAGCGGTGGAATGCGTAGATATATGGAAGAACACCAATGGTGAAGGCAGCTAACTGGATATACACTGACGCTGAGGAACGAAAGCGTGGGGAGCAAACAGG","Bacteria","Firmicutes","Bacilli","Mycoplasmatales","Mycoplasmataceae","Mycoplasma",NA,NA
"TACGGAGGGTGCGAGCGTTAATCGGAATTACTGGGCGTAAAGCGCATGCAGGTGGTTTGTTAAGTCAGATGTGAAAGCCCGGGGCTCAACCTCGGAATTGCATTTGAAACTGGCAAACTAGAGTACTGTAGAGGGAGGTAGAATTTCAGGTGTAGCGGTGAAATGCGTAGAGATCTGAAGGAATACCGGTGGCGAAGGCGGCCCCCTGGACAGATACTGACACTCAGATGCGAAAGCGTGGGGAGCAAACAGG","Bacteria","Proteobacteria","Gammaproteobacteria","Vibrionales","Vibrionaceae","Vibrio",NA,NA
"TACAGAGGCCTCAAGCGTTGTTCGGAATCACTGGGCGTAAAGAGAATGTAGGTGGCTAAGCAAGTCAGATGTGAAATCCCTGGGCTCAACCCAGGAAGTGCGTCTGATACTGTTTGGCTAGAGTGCGATAGAGGAAAGTGGAATTCCTAGTGTAGGGGTGAAATCCGTAGATATTAGGAGGAATACCAATGGCGAAGGCAACTTTCTGGCTCGTAACTGACACTGAGATTCGAAAGCGTGGGTAGCAAACAGG","Bacteria","Bdellovibrionota","Bdellovibrionia","Bdellovibrionales","Bdellovibrionaceae","Bdellovibrio",NA,NA
"TACGGAGGGGGCGAGCGTTATTCGGATTTACTGGGCGTAAAGGGTGTGTAGGCGGCATAGTAAGTTAGTAGTGAAATCCCAGGGCTTAACCCCGGAACTGCTGCTAAAACTGCTAAGCTAGAGTTAGGTAGAGGGTAGTAGAATTTCTAGTGTAGGGGTGATATCCGTAGATATTAGAAGGAATGCCAGAGGCGAAGGCGACTACCTGGAACTATACTGACGCTGAGGCACGAAAGCGTGGGGAGCAAACAGG","Bacteria",NA,NA,NA,NA,NA,NA,NA
"TACGGAGGGAGCTAGCGTTGTTCGGAATTACTGGGCGTAAAGCGCGCGTAGGCGGCTTGGCAAGTTGGGGGTGAAATCCCGGGGCTCAACCTCGGAACTGCCTCCAAAACTGCCAAGCTAGAATCCTGGAGAGGTGAGCGGAATTCCTAGTGTAGAGGTGAAATTCGTAGATATTAGGAAGAACACCAGTGGCGAAGGCGGCTCACTGGACAGGTATTGACGCTGAGGTGCGAAAGCGTGGGGAGCGAACAGG","Bacteria","Proteobacteria","Alphaproteobacteria","Kordiimonadales","Kordiimonadaceae","Kordiimonas",NA,NA
"TACGAAGGGGGCTAGCGTTGTTCGGAATTACTGGGCGTAAAGGGCGTCTAGGTGGTTTTGTTAGTTGGATGTGAAAGCCCTCGGCTCAACCGAGGAATTGCATCCAAAACTGCATTACTAGAGTGTGAAAGGGGAAGGCGGAATTCCAAGTGTAGCGGTGAAATGCGTAGATATTTGGAGGAACACCGGTGGCGAAGGTGGCCTTCTGGTTCAACACTGACACTAAAGCGCGAAGGCTAGGGGAGCGAACAGG","Bacteria","Verrucomicrobiota","Omnitrophia",NA,NA,NA,NA,NA
"TACGGAGGGAGCTAGCGTTGTTCGGAATTACTGGGCGTAAAGCGCGCGTAGGCGGCTTAGCAAGTTGGGGGTGAAAGCCCAGGGCTCAACCCTGGAACTGCCCTCAAAACTGCTAAGCTAGAATCCTGGAGAGGTGAGTAGAATTCCTAGTGTAGAGGTGAAATTCGTAGATATTAGGAAGAATACCAGTGGCGAAGGCGGCTCACTGGACAGGTATTGACGCTGAGGTGCGAAAGCGTGGGGAGCGAACAGG","Bacteria","Proteobacteria","Alphaproteobacteria","Kordiimonadales","Kordiimonadaceae","Kordiimonas",NA,NA
"TACGAATGGGGCTAGCGTTGTTCGGAATTACTGGGCGTAAAGGGCGTCTAGGTGGTTTTGTTAGTTGGATGTGAAAGCCCTCGGCTCAACCGAGGAATTGCATCCAAAACTGCATTACTAGAGTGTGAAAGGGGAAGGCGGAATTCCAAGTGTAGCGGTGAAATGCGTAGATATTTGGAGGAACACCGGTGGCGAAGGCGGCCTTCTGGTTCAACACTGACACTAAAGCGCGAAGGCTAGGGGAGCGAACAGG","Bacteria","Verrucomicrobiota","Omnitrophia",NA,NA,NA,NA,NA
"TACGTATGTGGCGAGCGTTACTCGGAATCACTGGGCGTAAAGAGTTCGTAGGCGGACTTTCAAGTCAGAAGTGAAATTTTGGGGCTTAACCCTGAAACTGCTTTTGAAACTGTTAGTCTTGAGTATGTGAGAGGAAGATGGAATTCCTGGTGTAGCGGTGGAATGCGTAGATATCAGGAAGAACACCGGTGGCGAAGGCGATCTTCTGGCACAATACTGACGCTGAGGAACGAAAGCGTGGGGAGCGAACAGG","Bacteria","Fibrobacterota","Chitinivibrionia","Chitinivibrionales","Chitinivibrionaceae","possible genus 03",NA,NA
"TACGGAGGGTGCAAGCGTTGTTCGGAATTACTGGGCGTAAAGCGCGTGCAGGCGGTTTGGCAAGTCAGATGTGAAAGCCCTGGGCTTAACCCAGGAAGTGCATTTGAAACTGCCTTACTAGAGTATGGGAGAGGAGAGTGGAATTCCCAGTGTAGAGGTGAAATTCGTAGATATTGGGAGGAACACCCGTGGCGAAGGCGACTCTCTGGACCAATACTGACGCTGAGACGCGAAAGCGTGGGGAGCAAACAGG","Bacteria","Desulfobacterota","Desulfobacteria","Desulfatiglandales","Desulfatiglandaceae","Desulfatiglans",NA,NA
"TACGGAGGGTGCAAGCGTTAATCGGAATTACTGGGCGTAAAGCGTGCGTAGGCGGCTATTTAAGTGGGATGTGAAAGCCCCGGGCTCAACCTGGGAACTGCACCCCAAACTGGGTAGCTAGAGTACGGCAGAGGAGTGTGGAATTTCCTGTGTAGCGGTGAAATGCGTAGATATAGGAAGGAACGCCAGTGGCGAAGGCGACACTCTGGGCTGATACTGACGCTGAGGTACGAAAGCGTGGGGAGCAAACAGG","Bacteria","Proteobacteria","Gammaproteobacteria","Oceanospirillales","Endozoicomonadaceae","Endozoicomonas",NA,NA
"GACGGAGGGCGCAAGCGTTGTTCGGAATTACTGGGCGTAAAGGGCGGGCAGGCGGTCTGTTAAGTCGTTTGTGAAAATCCGGGGCTCAACCCCGTGAAATGCAGACGATACTGGCAGACTGGAGACCAGTAGAGGCTAGCGGAATTCCTGGTGTAGCGGTGGAATGCGTAGATATCAGGAAGAACACCTGTGGCGAAGGCGGCTAGCTGGGCTGGATCTGACGCTGATCCGCGAAAGCGTGGGGAGCAAACAGG","Bacteria","Gemmatimonadota","BD2-11 terrestrial group",NA,NA,NA,NA,NA
"GACGAACCGTCCAAACGTTATTCGGTATCACTGGGCTTAAAGCGTGCGTAGGCGGCTTGGTAGGTGAGATGTGAAAGCCCACGGCTCAACCGTGGAATTGCGTTTCAAACCCTCAAGCTTGAGGAAGACAGGGGTGTTGGGAACTTATGGTGGAGCGGTGAAATGCGTTGATATCATAGGGAACACCGGTGGCGAAGGCGCAACACTGGGTCTTTTCTGACGCTGAGGCACGAAAGCTAGGGTAGCGAACGGG","Bacteria","Planctomycetota","Planctomycetes","Pirellulales","Pirellulaceae","Rhodopirellula",NA,NA
"TACGAAGGTCCCAAGCGTTGTTCGGAATTACTGGGCGTAAAGCGTGCGTAGGCGGCGAGGTAAGTCAGATGTGAAATCCCGGGGCTCAACTCCGGAACTGCATCCGATACTGCCTTGCTAGAGTAATGGAGGGGCATCTGGAATTCACGGTGTAGCAGTGAAATGCGTGGATATCGTGAGGAACACTAGTGGCGAAGGCGAGATGCTGGACATTTACTGACGCTGAGGTACGAAGGCTAGGGTAGCGAACGGG","Bacteria","Verrucomicrobiota","Verrucomicrobiae","Verrucomicrobiales","DEV007",NA,NA,NA
"TACGGAGGGTGCAAGCGTTACTCGGAATCACTGGGCGTAAAGAGCGTGTAGGCGGGTTTGTAAGTTTGAAGTGAAATCCAATGGCTCAACCATTGAACTGCTTTGAAAACTGCTTACCTAGAATATGGGAGAGGTAGATGGAATTTCTGGTGTAGGGGTAAAATCCGTAGAGATCAGAAGGAATACCGATTGCGAAGGCGATCTACTGGAACATTATTGACACTGAGACGCGAAAGCGTGGGGAGCAAACAGG","Bacteria","Campilobacterota","Campylobacteria","Campylobacterales","Arcobacteraceae","Poseidonibacter",NA,NA
"TACGGAGGGGGCCAGCGTTGTTCGGAATTATTGGGCGTAAAGGGCGCGTAGGCGGCCGCGCAAGTCAGTTGTGAAATCCCCTGGCTTACCCAGGGAACTGCTTCTGATACTGCGTGGCTTGAGTCCGGGAGAGGAGAGTGGAATTCCCAGTGTAGCGGTGGAATGCGTAGATATTGGGAGGAACACCAGTGGCGAAGGCGGCTCTCTGGACCGGTACTGACGCTGAGGCGCGAAAGCTAGGGGAGCAAACAGG","Bacteria","Acidobacteriota","Subgroup 22",NA,NA,NA,NA,NA
"TACGGAGGGTGCGAGCGTTAATCGGAATTACTGGGCGTAAAGCGCGCGTAGGCGGTTTATTAAGTCAGATGTGAAAGCCCCGGGCTCAACCTGGGAACTGCATTTGATACTGGTAAACTAGAGTTTGGTAGAGGGTGACGGAATTCCAGGTGTAGCGGTGAAATGCGTATATATCTGGAGGAACATCAGTGGCGAAGGCGGTTGCCTGGACCAAAACTGACGCTGAGGTGCGAAAGCGTGGGGAGCAAACAGG","Bacteria","Proteobacteria","Gammaproteobacteria","pItb-vmat-80",NA,NA,NA,NA
"TACGAACCGTACGAACGTTATTCGGTATCACTGGGCTTAAAGCGTGCGTAGGCGGCCTTGTAGGTCGGGTGTGAAATCCCACGGCTCAACCGTGGAACTGCGCCCGAAACCACAAGGCTTGAGGAAAGCAGGGGTGTGCGGAACAGATGGTGGAGCGGTGAAATGCGTTGATATTATCTGGAACACCGGTGGCGAAAGCGGCACACTGGGCTTTTTCTGACGCTGAGGCACGAAAGCTAGGGGAGCGAACGGG","Bacteria","Planctomycetota","Planctomycetes","Pirellulales","Pirellulaceae","Rhodopirellula",NA,NA
"CACGAACTGCACAAACGTTATTCGGAATCACTGGGCTTAAAGAGTTCGTAGGCGGTCTGATTAGTCGGGTGTGAAAGCCCTCGGCCCAACCGAGGAATTGCGCCCGATACTGTCAGGCTGGAGGGAGATAGGGGAGAGCGGAACTGATGGTGGAGCGGTGAAATGCGTTGATATCATCAGGAACACCGGTGGCGAAAGCGGCTCTCTGGATCTCTTCTGACGCTGAGGAACGAAAGCTAGGGGAGCGAACGGG","Bacteria","Planctomycetota","Planctomycetes","Pirellulales","Pirellulaceae",NA,NA,NA
"TACGGAGGGTGCAAGCGTTAATCGGAATTACTGGGCGTAAAGCGTGCGTAGGCGGCTACTTAAGTGGGATGTGAAAGCCCCGGGCTCAACCTGGGAACTGCACCCCAAACTGGGTAGCTAGAGTACGGCAGAGGAGTGTGGAATTTCCTGTGTAGCGGTGAAATGCGTAGATATAGGAAGGAACACCAGTGGCGAAGGCGACACTCTGGGCTGATACTGACGCTGAGGTACGAAAGCGTGGGGAGCAAACAGG","Bacteria","Proteobacteria","Gammaproteobacteria","Oceanospirillales","Endozoicomonadaceae","Endozoicomonas",NA,NA
"TACAGAGGTGGCTAGCGTTGTTCGGTATCACTGGGCTTAAAGGGCGCGTAGGCGGCGCAGCACGGTCTGGGTGAAATCCCTCGGCTTAACCGAGGAACTGCCTGGGCAACGGTTGCGCTGGACAGCATCAGGGGAAGGTGGAACTCCCGGTGGAGCGGTGAAATGCGTAGATATCGGGAGGAACGCCGGTGGCGAAAGCGACCTTCTGGGGTGCTTGTGACGCTGAGGCGCGAAAGCTAGGGGAGCGAACGGG","Bacteria","Planctomycetota","Pla4 lineage",NA,NA,NA,NA,NA
"TACGAAGGGTGCAAGCGTTGTTCGGATTTATTGGGCGTAAAGCGCGCGCAGGCGGATTGGTAAGTCAGATGTGAAATCTCGGGGCTCAACCTCGAAACTGCGTCTGAAACTATCAGTCTAGAATGTTGGATAGGGAAGGGGAATTTCTCGTGTAGGGGTAAAATCCGTAGAGATGAGAAGGAACACCGGAGGCGAAGGCGCCTTCCTGGCCAATGATTGACGCTGAGGCGCGAAAGCGTGGGGAGCAAACAGG","Bacteria","Bdellovibrionota","Bdellovibrionia","Bacteriovoracales","Bacteriovoracaceae","Peredibacter",NA,NA
"TACGTATGAGGCAAGCGTTATCCGGAATCACTGGGCGTAAAGGGCGTGTAGGCGGCCCGTTAAGTTGGTTGTGAAATCTCCCGGCTCAACCGGGAGCCGTCAGCCAATACTGGCGGGCTAGAGGGCAGCAGAGGAAAGTGGAATTCCCGGTGTAGCGGTGGAATGCGTAGATATCGGGAGGAACACCAGTGGCGAAGGCGGCTTTCTGGGCTGCCCCTGACGCTGAGGCGCGAAGGCGTGGGGAGCAAAGTGG","Bacteria","Chloroflexi","Dehalococcoidia","FS117-23B-02",NA,NA,NA,NA
"TACGGAGGGTGCAAGCGTTGTTCGGATTCACTGGGTATAAAGGGTGCGCAGGCGGCCTGATAAGTCAGGGGTGAAATATGACGGCTCAACCGTCAAACTGCCCCTGAAACTGCCAGGCTTGAGTTCGAGAGAGGTAGGTGGAATTCCAGGTGTAGCGGTGAAATGCGTAAATATCTGGAGGAACACCGGTGGCGAAGGCGGCCTACTGGCTCGATACTGACGCTCAGGCACGAAAGCATGGGGAGCGAACGGG","Bacteria","Latescibacterota",NA,NA,NA,NA,NA,NA
"TACGGAGGGGGCAAGCGTTGTTCGGAATTACTGGGCGTAAAGGGCGCGTAGGCGGATTGACAAGTCAGAGGTGAAAGTCCTGGGCTCAACCTGGGGACTGCCTTTGAAACTGTTGATCTAGAGTTCGGAAGAGGAGTGTGGAATTCCCAGTGTAGAGGTGAAATTCGTAGATATTGGGAAGAACACCAGTGGCGAAGGCGGCACTCTGGTCCGAAACTGACGCTGAGGCGCGAAAGCGTGGGGAGCAAACAGG","Bacteria","Proteobacteria","Alphaproteobacteria","Kiloniellales","Kiloniellaceae",NA,NA,NA
"TACGGGGGGTGCAAGCGTTATTCGGAATCATTGGGCGTAAAGAGCGCGTAGGCGGTCTCTTAAGTCAGGTGTGAAAGCCCGGGGCTCAACCTCGGAAGTGCACTTGAAACTAAGAGACTTGAGTATGGGAGAGGGAAGTGGAATTCCTGGTGTAGCGGTGAAATGCGTAGATATCAGGAGGAACACCGGTGGCGAAGGCGACTTCCTGGACCAATACTGACGCTGAGGCGCGAAGGCGTGGGTAGCAAACAGG","Bacteria","Desulfobacterota","Desulfobacteria","Desulfobacterales","Desulfosarcinaceae","Sva0081 sediment group",NA,NA
"TACGGAGGGTGCAAGCGTTAATCGGAATTACTGGGCGTAAAGCGCGCGTAGGTGGTCAAGTCAGTCAGATGTGAAAGCCCAGGGCTCAACCTTGGAATTGCACCTGATACTGCTTGACTAGAGTATGGTAGAGGGGTGTGGAATTTCCTGTGTAGCGGTGAAATGCGTAGATATAGGAAGGAACACCAGTGGCGAAGGCGACACCCTGGACCAATACTGACACTGAGGTGCGAAAGCGTGGGTAGCAAACAGG","Bacteria","Proteobacteria","Gammaproteobacteria","Oceanospirillales","Nitrincolaceae","Motiliproteus",NA,NA
"TACGGAGGGTGCGAGCGTTAATCGGAATTACTGGGCGTAAAGCGTACGCAGGCGGTTTGTTAAGCGAGATGTGAAAGCCCCGGGCTCAACCTGGGAACGGCATTTCGAACTGACAAACTAGAGTTTTGTAGAGGGTGGTAGAATTTCAGGTGTAGCGGTGAAATGCGTAGAGATCTGAAGGAATACCAGTGGCGAAGGCGGCCACCTGGACAAAAACTGACGCTCAGGTACGAAAGCGTGGGGAGCAAACAGG","Bacteria","Proteobacteria","Gammaproteobacteria","Alteromonadales","Shewanellaceae","Psychrobium",NA,NA
"TACGAAGGGGGCTAGCGTTGCTCGGAATTACTGGACGTAAAGGGCGCGTAGGCGGACAGTTAAGTTGGGGGTGAAAGCCCGGGGCTCAACCTCGGAAATGCCTTCAATACTGGCTGTCTTGAGTACGGGAGAGGTGAGTGGAACTCCGAGTGTAGAGGTGAAATTCGTAGATATTCGGAAGAACACCAGTGGCGAAGGCGACTCACTGGCCCGTTACTGACGCTGAGGCGCGAAAGCGTGGGGAGCAAACAGG","Bacteria","Proteobacteria","Alphaproteobacteria","Caulobacterales","Caulobacteraceae",NA,NA,NA
"TTCCAGCTCCAATAGCGTATATTAAAGTTGTTGCAGTTAAAAAGCTCGTAGTTGGATTTCTGGTTGGACCGATCGGTCCTGCACTTGGTGTAGGTACTTGAATCGCGTCCGGCCATCCTTGGGGAGAGCCTGCGTGGCATTAAGTTGTCGTGCAGGGGATCCCCATCGTTTACTGTGAAGAAATTAGAGTGTTCAAAGCAGGCTTACGCCGTTGAATACATTAGCATGGAATAATAAGATAGGACCTTGGTACTATTTTGTTGGTTTGCGCACCAAGGTAATGATTAATAGGGACAGTTGGGGGTATTCGTATTCAATTGTCAGAGGTGAAATTCTTGGATTTCTGGAAGACGAACTACTGCGAAAGCATTTACCAAGGATGTTTTCATTAATCAAGAACGAAAGTTAGGGGATCGAAGATG","Eukaryota",NA,NA,NA,NA,NA,NA,NA
"TACGGAGGGTGCGAGCGTTAATCGGAATTACTGGGCGTAAAGCGCACGCAGGCGGTTTATTAAGCTAGATGTGAAAGCCCCGGGCTTAACCTGGGAATTGCATTTAGAACTGGTAGGCTAGAGTCTTGGAGAGGGGAGTGGAATTCCAGGTGTAGCGGTGAAATGCGTAGAGATCTGGAGGAACATCAGTGGCGAAGGCGGCTCCCTGGCCAAAGACTGACGCTCATGTGCGAAAGTGTGGGTAGCGAACAGG","Bacteria","Proteobacteria","Gammaproteobacteria","Alteromonadales","Alteromonadaceae",NA,NA,NA
"TACGGAAGGTGCAAGCGTTGTTCGGATTGACTGGGCGTAAAGAGCACGTAGGCGGGTTCGTAAGTCGGATGTGAAAGCCCCGGGCTTAACCTGGGAACTGCACCCGAAACTACGAATCTTGAATACTCGAGAGGTTGGTGGAATTCCAGGTGTAGGAGTGAAATCCGTAGATATCTGGAGGAACACCGGCGGCGAAGGCGGCCAACTGGCGATGTATTGACGCTGAGGTGCGAAAGCGTGGGGAGCAAACAGG","Bacteria","Bdellovibrionota","Oligoflexia","Oligoflexales",NA,NA,NA,NA
"TACGGAGGGTGCGAGCGTTGTTCGGAATTACTGGGCGTAAAGGGCGCGTAGGCGGCTTGATAAGTCAGATGTGAAAGTCCACGGCTCAACCGTGGAAGTGCATTTGAAACTGTCTGGCTTGAGTATTGGAGGGGAAAGTGGAATTCCCGGTGTAGAGGTGAAATTCGTAGAGATCGGGAGGAACACCTGTGGCGAAGGCGACTTTCTGGACAAATACTGACGCTGAGGCGCGAAAGCGTGGGGAGCAAACAGG","Bacteria","Desulfobacterota","Desulfobulbia","Desulfobulbales","Desulfobulbaceae",NA,NA,NA
"TACGGAGGATTCGAGCGTTATCCGGAATCATTGGGTTTAAAGGGTCTGTAGGCGGCTTATTAAGTCAGTGGTGAAAGTTTGTAGCTTAACTATAAAATTGCCATTGAAACTGTTAGGCTTGAGTTATCGTGAAGTAACTAGAATGTGTAGTGTAGCGGTGAAATGCATAGATATTACACAGAATACCGATTGCGAAGGCAGGTTGCTAATGATACACTGACGCTGAGGGACGAAAGCGTGGGGAGCGAACAGG","Bacteria","Bacteroidota","Bacteroidia","Flavobacteriales","Flavobacteriaceae",NA,NA,NA
"TACCGGCGCCACAAGTGGAGATCATGTTTACTGGGTCTAAAGTGTTCGTAGCCGGTTTTTTAAGTCTCTTGTGAAAGTTCAGTTGCTTAACTCTGAATTTGCAAGAGATACTGGAAGACTCGAGGCCGGGAGAGGTGTGAGGTATTGTTTGGGTAGCGGTAAAATGTTATAATCCTTTCAAGACCAACTAAGGCGAAGGCATCACACTTGAACGGACCTGACGGTGAGGAACGAGAGCTGGGGGAGCGAACCGG","Archaea","Nanoarchaeota","Nanoarchaeia","Woesearchaeales","SCGC AAA286-E23",NA,NA,NA
"TACGGAGACTGCGAGCGTTACTCGGATTTACTGGGCGTAAAGGGTCCGTAGGCGGCTATGTGTGTCGGGTGTGAAATCCTGCAGCTCAACTGCAGAACTGCGCCCGAAACTACATAGCTAGAGTATTGGAGAGGTGAGTGGAATTCCAGGTGTAGCGGTGAAATGCGTAGATATCTGGAGGAACACCAACGGCGAAGGCAGCTCACTGGACAATTACTGACGCTGAGGGACGAAAGCGTGGGGAGCGAAAGGG","Bacteria","Verrucomicrobiota","Verrucomicrobiae","Opitutales","Puniceicoccaceae","Verruc-01",NA,NA
"TACGGAGGGTGCGAGCGTTAATCGGAATTACTGGGCGTAAAGCGCATGCAGATGGTGGATTAAGTCAGATGTGAAAGCCCGGGGCTCAACCTCGGAACTGCATTTGAAACTGGTTCACTAGAGTACTGTAGAGGGGGGTAGAATTTCAGGTGTAGCGGTGAAATGCGTAGAGATCTGAAGGAATACCAGTGGCGAAGGCGGCCCCCTGGACAGATACTGACACTCAGATGCGAAAGCGTGGGGAGCAAACAGG","Bacteria","Proteobacteria","Gammaproteobacteria","Vibrionales","Vibrionaceae","Vibrio",NA,NA
"TACGGAGGGTGCGAGCGTTAATCGGAATTACTGGGCGTAAAGCGTACGCAGGCGGTTGGTTAAGCGAGATGTGAAAGCCCCGGGCTTAACCTGGGAATAGCATTTCGAACTGGCCAACTAGAGTATGAGAGAGGGTAGTAGAATTTCAGGTGTAGCGGTGAAATGCGTAGAGATCTGAAGGAATACCGATGGCGAAGGCAGCCACCTGGTTCAATACTGACGCTCATGTACGAAAGCGTGGGGAGCAAACAGG","Bacteria","Proteobacteria","Gammaproteobacteria","Alteromonadales","Pseudoalteromonadaceae",NA,NA,NA
"TACGAAGGGTGCAAGCGTTACTCGGAATTACTGGGCGTAAAGCGTGCGTAGGTGGTTCGTTAAGTCTGATGTGAAAGCCCTGGGCTCAACCTGGGAACTGCATTGGATACTGGCGATCTGGAGTGCGGTAGAGGGTGGCGGAATTCCCGGTGTAGCAGTGAAATGCGTAGATATCGGGAGGAACATCCGTGGCGAAGGCGGCCACCTGGACCAGCACTGACACTGAGGCACGAAAGCGTGGGGAGCAAACAGG","Bacteria","Proteobacteria","Gammaproteobacteria","Xanthomonadales","Xanthomonadaceae","Lysobacter","Lysobacter",NA
"TACAGAGGGTGCAAGCGTTAATCGGAATGACTGGGCGTAAAGGGCGCGTAGGTGGTTGTTTAAGTTATCTGTGAAATACCTGGGCTTAACCTGGGGGAGTCAGGTGATACTGGGCGACTAGAGTACAGGAGAGGGAAGTGGAATTTCCAATGTAGCGGTGAAATGCGTAGATATTGGAAGGAACACCGGTGGCGAAGGCGTCTTTCTGGCCTGATACTGACACTGAGGCGCGAAAGCGTGGGTAGCAAACAGG","Bacteria","Proteobacteria","Gammaproteobacteria","BD72BR169",NA,NA,NA,NA
"TTCCAGCTCCAATAGCGTATATTAAAGTTGCTGCAGTTAAAAAGCTCGTAGTTGAAATTATATCTCATCAGAGATCAACCTTTATGGTGATTATTGTGAATAAATTAGAGTGTTTCAGGCAGACTACGTTTGAATACATAAGCATGGAATAATAAAATATGAATTTTTAATTTTGGTTTTAAATTTTAATGATTAATAGAAGCAATTGGGGGCATTCGTATTTAATAGTCAGAGGTAAAATTCTTGGATTTATTAAAGACGAACTAAAGCGAAAGCATTTGTCAAAGATGTTTTCATTAATCAAGAACGAAAGTTAGGGGATCAAAGACG","Eukaryota",NA,NA,NA,NA,NA,NA,NA
"TACGGAGGGTCCGAGCGTTATCCGGAATTATTGGGTTTAAAGGGTCCGCAGGCGGGCCAGTAAGTCAGAGGTGAAAGTTTACGGCTCAACCGTAAAATTGCCTTTGATACTGCTGGTCTTGAGTTGCGGTGAAGTGGCCGGAATATGTGGTGTAGCGGTGAAATGCATAGAGATCACATAGAACACCGATTGCGAAGGCAGGTCACTAACCGCCGACTGACGCTGATGGACGAAAGCGTGGGGAGCGAACGGG","Bacteria","Bacteroidota","Bacteroidia","Flavobacteriales","Flavobacteriaceae","Robiginitalea",NA,NA
"TACGGAGGGTCCGAGCGTTAATCGGAATTACTGGGCGTAAAGCGCGCGTAGGCGGTTATTTAAGTCAGATGTGAAAGCCCCGGGCTCAACCTGGGAACTGCACCTGATACTGGATAACTAGAGTACAGAAGAGGGTGGTGGAATTTCCTGTGTAGCAGTGAAATGCGTAGATATAGGAAGGAACACCAGTGGCGAAGGCGACCACCTGGTCTGATACTGACGCTGAGGTGCGAAAGCGTGGGGAGCAAACAGG","Bacteria","Proteobacteria","Gammaproteobacteria","Oceanospirillales","Nitrincolaceae","Amphritea",NA,NA
"TACGTAGGTGGCAAGCGTTATCCGGAATTATTGGGCGTAAAGCGCGCGTAGGCGGTTTTTTAAGTCTGATGTGAAAGCCCACGGCTCAACCGTGGAGGGTCATTGGAAACTGTAAAACTTGAGTGCAGAAGAGGAAAGTGGAATTCCATGTGTAGCGGTGAAATGCGCAGAGATATGGAGGAACACCAGTGGCGAAGGCGACTTTCTGGTCTGTAACTGACGCTGATGTGCGAAAGCGTGGGGATCAAACAGG","Bacteria","Firmicutes","Bacilli","Staphylococcales","Staphylococcaceae","Staphylococcus","Staphylococcus","haemolyticus"
"TACGGAGGGGGCTAGCGTTGTTCGGAATTACTGGGCGTAAAGCGCGCGTAGGCGGACTTTCAAGTCAGGGGTGAAATCCCGAGGCTCAACCTCGGAACTGCCTTTGATACTGTAAGTCTTGAGTCCGAGAGAGGTGAGTGGAATTCCTAGTGTAGAGGTGAAATTCGTAGATATTAGGAAGAACACCAGTGGCGAAGGCGGCTCACTGGCTCGGTACTGACGCTGAGGTGCGAAAGCGTGGGGAGCAAACAGG","Bacteria","Proteobacteria","Alphaproteobacteria","Rhizobiales","Methyloligellaceae","Methyloceanibacter","Methyloceanibacter","methanicus"
"TACGTAGGTCTCAAGTGTTATCCGGAATTATTGGGCGTAAAGGGTCCGTAGACGGTTTATTAAGTCTGATGTGAAAGCCACCGGCTCAACCGGTGAAACGCATTAGATACTGGTAAACTAGAGTATGTTAGAGGATAGTGGAATTCCATGTGTAGCGGTGAAATGCGTAGATATATGGAGGAACACCAGTGGCGAAGGCGGCTATCTGGGACATTACTGACGTTGAGGGACGAAAGCGTGGGGAGCGAACAGG","Bacteria","Firmicutes","Bacilli","Mycoplasmatales","Mycoplasmataceae",NA,NA,NA
"TACGGAGGGTGCGAGCGTTAATCGGAATTACTGGGCGTAAAGCGTACGCAGGCGGTTAGTTAAGTCAGATGTGAAAGCCCCGGGCTCAACCTGGGAACTGCATTTGAAACTGACTAACTAGAGTGCGGCAGAGGGTGGTAGAATTTCAGGTGTAGCGGTGAAATGCGTAGAGATCTGAAGGAATACCGATGGCGAAGGCAGCCACCTGGGCCGACACTGACGCTCATGTACGAAAGCGTGGGTAGCAAACAGG","Bacteria","Proteobacteria","Gammaproteobacteria","Alteromonadales","Pseudoalteromonadaceae","Algicola",NA,NA
"TACGTAGGGGGCAAGCGTTATCCGGAATTATTGGGCGTAAAGCGCGCGCAGGCGGTCGGTTAAGTCAGGTGTGAAAGGCTGCGGCTCAACCGCAGAGCGGCATCTGAAACTGGCCGGCTTGAGTGCAGGAGAGGGGAGTGGAATTCCCGGTGTAGCGGTGGAATGCGTAGAGATCGGGAGGAACACCAGTGGCGAAGGCGGCTCTCTGGCCTGCAACTGACGCTGAGGCGCGAAAGCGTGGGGAGCAAACAGG","Bacteria","Firmicutes","Bacilli","Thermoactinomycetales","Thermoactinomycetaceae","Thermoactinomyces",NA,NA
"TACGGAGGGTCCGAGCGTTAATCGGAATTACTGGGCGTAAAGCGCGCGTAGGCGGTTATTTAAGTCAGATGTGAAAGCCCCGGGCTCAACCTGGGAACTGCACCTGATACTGGATAACTAGAGTACAGAAGAGGGTGGTGGAATTTCCTGTGTAGCGGTGAAATGCGTAGATATAGGAAGGAACACCAGTGGCGAAGGCGACCACCTGGTCTAATACTGACGCTGAGGTGCGAAAGCGTGGGGAGCAAACAGG","Bacteria","Proteobacteria","Gammaproteobacteria","Oceanospirillales","Nitrincolaceae","Amphritea",NA,NA
"TACGGAGGGTGCAAGCGTTAATCGGAATTACTGGGCGTAAAGCGCGCGTAGGCGGCTATATAAGTCGGGTGTGAAAGCCCCGGGCTCAACCTGGGAACTGCATTCGATACTGTATAGCTAGAGTTTGGTAGAGGGAAGTGGAATTCCACATGTAGCGGTGAAATGCGTAGATATGTGGAGGAACACCAGTGGCGAAGGCGACTTCCTGGACCAAAACTGACGCTGAGGTGCGAAAGCGTGGGTAGCAAACAGG","Bacteria","Proteobacteria","Gammaproteobacteria",NA,NA,NA,NA,NA
"TACGTAGGGGGCAAGCGTTGTCCGGAATTATTGGGCGTAAAGGGCACGCAGGCGGTTTCGTCAGTCCGATGTGACAGGCCACGGCTCAACCGTGGAAGGCCATTGGAAACTGCGAAACTTGAGGACAGAAGAGGAGAGTGGAATTCCACGTGTAGCGGTGAAATGCGTAGACATGTGGAGGAACACCAGTGGCGAAGGCGACTCTCTGGTCTGTACCTGACGCTGAGGTGCGAAAGCATGGGGAGCAAACAGG","Bacteria","Firmicutes","Bacilli","Bacillales","Marinococcaceae","Marinococcus",NA,NA
"AACGTAGGGGGCAAGCGTTATCCGGATTTACTGGGCGTAAAGCGCGTGCAGGCGGCTTAGTAGGTTGGACGTGAAAGCTCCTGGCTCAACTGGGAGAGGCCGTTCAATACCGCTGGGCTCGAGGGCGGAAGAGGGGAGTGGAATTCCCGGTGTAGTGGTGGAATGCGTAGATATCGGGAGGAACACCCGTGGCGAAGGCGACTCCCTGGTCCGCACCTGACGCTGAGACGCGAAAGCGTGGGGAGCAAACGGG","Bacteria","Chloroflexi","Anaerolineae",NA,NA,NA,NA,NA
"TACATAGGGTGCAAGCGTTATCCGGAATTATTGGGCGTAAAGCGTTCGTAGGCGGTTTATTAAGTCTGAAGTTAAAGCTCGGTGCTCAACACCGACCCGCTTTGGATACTGATAGACTAGAGTTATATAGAGGTTAGCGGAACTCCATGTGAAGCGGTGGAATGCGTAGATATATGGAAGAACACCAATGGCGAAGGCAGCTAACTGGATATACACTGACGCTGAGGAACTAAAGCGTGGGGAGCAAACAGG","Bacteria","Firmicutes","Bacilli","Mycoplasmatales","Mycoplasmataceae","Mycoplasma",NA,NA
"TACATAGGGTGCAAGCGTTATCCGGAATTATTGGGCGTAAAGCGTTCGTAGGTGGTTAAGTAAGTCTGAAGTTAAAGCCCGAGGCTCAACCCCGGCCCGCTTTGGAAACTACTTAACTAGAGTTATGAAGAGGTTAGCGGAACTCCATGTGAAGCGGTGGAATGCGTAGATATATGGAAGAACACCAATGGCGAAGGCAGCTAACTGGGAATAAACTGACACTGAGGGACGAAAGCGTGGGGAGCAAACAGG","Bacteria","Firmicutes","Bacilli","Mycoplasmatales","Mycoplasmataceae","Mycoplasma",NA,NA
"CACGTAGGGACCAAGCGTTGTCCGGAATTATTGGGCGTAAAGAGCTCGTAGGTGGTTCCGTAAGTCGGATGTAAAAACTCAAGGCTCAACCTTGAGACGCCATCCGATACTGCGGTGACTTGAGTTCGGTAGAGGAGTGTGGAATTCCTGGTGTAGCGGTGAAATGCGCAGATATCAGGAGGAACACCGACAGCGAAGGCAGCACTCTGGGCCGATACTGACACTGAGGAGCGAAAGCATGGGGAGCAAACAGG","Bacteria","Actinobacteriota","Acidimicrobiia","Microtrichales","Microtrichaceae","Sva0996 marine group",NA,NA
"TACGGGGGGTGCAAGAGTTACTCGGAATCACTGGGCGTAAAGCGTACGTAGGCGGTTTAGTAAGTTGGGGGTGAAATCCTATGGCTTAACCATAGAACTGCTCTCAAAACTACTAGACTAGAATCAGGGAGGGGCAGATGGAATTAGTGGTGTAGGGGTAAAATCCGTAGAGATCACTAGGAATACCAATAGCGAAGGCGATCTGCTGGAACTGTATTGACGCTGAGGTACGAAAGCGTGGGGAGCAAACAGG","Bacteria","Campilobacterota","Campylobacteria","Campylobacterales",NA,NA,NA,NA
"TACGTAGGGTGCAAGCGTTGTTCGGAATCACTGGGCGTAAAGAGAGCGTAGGCGGAAGAGTAAGTTAGAAGTGAAATGTATCGGCTTAACCGGTAACCTGCTTTTAATACTGCTTTTCTTGAGTATTGGAGAGGATGATGGAATTCCAGGTGTAGCGGTGGAATGCGTAGATATCTGGAAGAACACCAGTTGCGAAGGCGGTCATCTGGCCAAATACTGACGCTGAGGCTCGAAAGCTAGGGGAGCGAACAGG","Bacteria","Fibrobacterota","Fibrobacteria","Fibrobacterales","TG3",NA,NA,NA
"AACGTAGGGGTCGAGCGTTATCCGGATTTACTGGGCGTAAAGAGCATGTAGGCGGTTGCTTAAGTCGGACGTGAAAGCTCCTGGCTCAACTAGGAGAGGCCGTTCGAAACTAAGCAACTCGAGGATGGTAGAGGAGAGTGGAATTCCCGGTGTAGTGGTGAAATGCGTAGATATCGGGAGGAACACCAGTGGCGAAGGCGGCTCTCTGGGCCATTCCTGACGCTGAGATGCGAAAGCTAGGGGAGAGAACGGG","Bacteria","Chloroflexi","Anaerolineae","Ardenticatenales",NA,NA,NA,NA
"TACGGAGGGTCCAAGCGTTATCCGGATTTATTGGGTTTAAAGGGTGCGCAGGCGGAATAATAAGTCAGTGGTGAAATCTCTCGGCTCAACCGAGAAACTGCCATTGATACTGTTATTCTTGAGTATAGTTGTAGTGGGCGGAATATAGCATGTAGCGGTGAAATGCTTAGATATGCTATAGAACACCGATCGCGAAGGCAGCTCACTAAACTATAACTGACGCTCAGGCACGAAAGCGTGGGGAGCAAACAGG","Bacteria","Bacteroidota","Bacteroidia","Sphingobacteriales","Lentimicrobiaceae",NA,NA,NA
"TACGGAGGGGGCGAGCGTTATTCGGATTTACTGGGCGTAAAGGGTGTGTAGGCGGCATAGTAAGTTAGTAGTGAAATCCCAGGGCTCAACCCTGGAACTGCTGCTAAAACTGCTAAGCTAGAGTTAGGTAGAGGGTAGTAGAATTTCTAGTGTAGGGGTGATATCCGTAGATATTAGAAGGAATGCCAGAGGCGAAGGCGACTACCTAGAACTATACTGACGCTGAGGCACGAAAGCGTGGGGAGCAAACAGG","Bacteria",NA,NA,NA,NA,NA,NA,NA
"TACGGAGGGTGCAAGCGTTGTCCGGAATCACTGGGCGTAAAGCGCACGTAGGCGGTTACCTAAGTCATTTGTGAAATCCCGGGGCTCAACTCCGGGCCTGCAAGTGATACTGGGTAGCTGGAGCTCGGTAGAGGCGAGTGGAATTCCCGGTGTAGCGGTGGAATGCGTAGATATCGGGAAGAACACCAGTGGCGAAGGCGACTCGCTGGGCCGTAGCTGACGCTGAGGTGCGAAAGCGTGGGGAGCAAACAGG","Bacteria",NA,NA,NA,NA,NA,NA,NA
"TACGGAGGGGGCGAGCGTTATTCGGATTTACTGGGCGTAAAGGGTGTGTAGGCGGCATAGTAAGTTAGTAGTGAAATCCCAGGGCTTAACCCTGGAACTGCTGCTAAAACTGCTAAGCTAGAGTTAGGTAGAGGGTAGTAGAATTTCTAGTGTAGGGGTGATATCCGTAGATATTAGAAGGAATGCCAGATGCGAAGGCGACTACCTGGAACTATACTGACGCTGAGGCACGAAAGCGTGGGGAGCAAACAGG","Bacteria",NA,NA,NA,NA,NA,NA,NA
"TACGGAGGGTGCAAGCGTTATCCGGAATCATTGGGTTTAAAGAGTGCGTAGGCGGAATAGTAAGTCAGTGGTGAAATCCTACGGCTTAACCGTAGAACTGCCATTGATACTACTGTTCTTGAGTGTATTTGAAGTGGGCGGAATGTATCGTGTAGCGGTGAAATGCATAGATATGATACAGAACACCTATTGCGAAGGCAGCTCACTAAGTTACTACTGACGCTGAGGCACGAAAGCGTGGGGAGCGAACAGG","Bacteria","Bacteroidota","Bacteroidia",NA,NA,NA,NA,NA
"TACGGAGGGTGCAAGCGTTACTCGGAATCACTGGGCGTAAAGAGCGTGTAGGCGGATAGATAAGTCAGGAGTGAAATCCTATGGCTCAACCATAGAACTGCTCTTGAAACTGTCTATCTAGAATATGGGAGAGGTAGATGGAATTTCTGGTGTAGGGGTAAAATCCGTAGAGATCAGAAGGAATACCGATTGCGAAGGCGATCTACTGGAACATTATTGACGCTGAGACGCGAAAGCGTGGGGAGCAAACAGG","Bacteria","Campilobacterota","Campylobacteria","Campylobacterales","Arcobacteraceae","Malaciobacter",NA,NA
"TACAGAGGGTGCAAGCGTTGTTCGGAATTATTGGGCGTAAAGCGCGTGTAGGCGGTTGGTTAAGTTGGATGTGAAAGCCCGTGGCTCAACCGCGGAAGTGCATCCAAAACTGGTCAACTTGAGTACTGGAGAGGGTAGCGGAATTCCCGGTGTAGAGGTGAAATTCGTAGAGATCGGGAGGAACACCCGTGGCGAAGGCGGCTACCTGGACAGATACTGACGCTGAGACGCGAAAGCGTGGGGAGCAAACAGG","Bacteria","Myxococcota","Polyangia",NA,NA,NA,NA,NA
"TACGGAGGGTGCAAGCGTTACTCGGAATCACTGGGCGTAAAGAGCGTGTAGGCGGGTTAATAAGTCAGATGTGAAAGCCAATGGCTCAACCATTGAACTGTATTTGAAACTGTTAACCTAGAATATGGGAGAGGTAGATGGAATTTCTGGTGTAGGGGTAAAATCCGTAGAGATCAGAAGGAATACCGATTGCGAAGGCGATCTACTGGAACATTATTGACGCTGAGACGCGAAAGCGTGGGGAGCAAACAGG","Bacteria","Campilobacterota","Campylobacteria","Campylobacterales","Arcobacteraceae","Halarcobacter",NA,NA
"TACGAAGGGGGCTAGCGTTGTTCGGAATTACTGGGCGTAAAGGGCGTCTAGGTGGTTTTGTTAGTTGGATGTGAAAGCCCTCGGCTCAACCGAGGAATTGCATCCAAAACTGCATTACTAGAGTGTGAAAGGGGAAGGCGGAATTCCAAGTGTAGCGGTGAAATGCGTAGATATTTGGAGGAACACCGGTGGCGAAGGCGGCCTTCTTGTTCAACACTGACACTAAAGCGCGAAGGCTAGGGGAGCGAACAGG","Bacteria","Verrucomicrobiota","Omnitrophia",NA,NA,NA,NA,NA
"TACGGAGGGTGCAAGCGTTGTTCGGAATTATTGGGCGTAAAGAGCGTGTAGGCGGTATGGTAAGTCAGATGTGAAAGCCCTGGGCTTAACTCAGGAAGTGCATTTGATACTGCCATTCTTGAGTATGGGAGAGGAGAGTGGAATTCCTAGTGTAGAGGTGAAATTCGTAGATATTAGGAGGAACACCCGTGGCGAAGGCGACTCTCTGGACCAATACTGACGCTGAGACGCGAAAGCGTGGGGAGCAAACAGG","Bacteria","Desulfobacterota","Desulfobacteria","Desulfatiglandales","Desulfatiglandaceae","Desulfatiglans",NA,NA
"TACGGAGAGTGCAAGCGTTGTTCGGAATCATTGGGCGTAAAGCGCGTGTAGGCGGCTAAGTAAGTTGGGTGTGAAATCCCTCGGCCCAACCGAGGAACTGCGCTCAAAACTGCTTAGCTTGAGTACAGGAGGGGGAGGCGGAATTCCCAGTGTAGAGGTGAAATTCGTAGATATTGGGAGGAACACCGGTGGCGAAGGCGGCCTCCTGGACTGATACTGACGCTGAGACGCGAAAGCGTGGGGAGCAAACAGG","Bacteria",NA,NA,NA,NA,NA,NA,NA
"TACAGAGGTGGCGAACGTTGTTCGGATTTACTGGGCGTAAAGGGTCCGCAGGCGGTTTGGTGTGTCGGATGTGAAAGCTCACGGCTCAACCGTGGAATTGCATTCGAAACTGCCAAACTAGAGTACTGGAGGGGAGAAGGGAACACTTGGTGTAGCGGTGAAATGCGTAGATATCAAGTGGAACACCGGCGGCGAAGGCGCTTCTCTGGACAGATACTGACGCTCATGGACGAAAGTTAGGGTAGCGAAAGGG","Bacteria","Verrucomicrobiota","Kiritimatiellae","Kiritimatiellales","Kiritimatiellaceae","R76-B128",NA,NA
"TACGGAGGGTGCGAGCGTTAATCGGAATTACTGGGCGTAAAGCGTACGCAGGCGGTTTGTTAAGCGAGATGTGAAAGCCCCGGGCTCAACCTGGGAACTGCATTTCGAACTGGCAAACTAGAGTATGATAGAGGGTGGTAGAATTTCAGGTGTAGCGGTGAAATGCGTAGAGATCTGAAGAAATACCGATGGCGAAGGCAGCCACCTGGGTCAATACTGACGCTCATGTACGAAAGCGTGGGGAGCAAACGGG","Bacteria","Proteobacteria","Gammaproteobacteria","Alteromonadales","Pseudoalteromonadaceae","Pseudoalteromonas",NA,NA
"TACGAAGGGTGCTAGCGTTGTTCGGAATTACTGGGCGTAAAGGGCGCGTAGGCGGACATGTCAGTCAGGGGTGAAATCCCGGGGCTCAACCTCGGAACTGCCTTTGATACTGCATGTCTAGAATATATGAGGGGATAGTGGAATACCAAGTGTAGAGGTGAAATTCGTAGATATTTGGTGGAACACCAGTGGCGAAGGCGACTATCTGGCATATTATTGACGCTGAGGCGCGAAAGCGTGGGGAGCAAACAGG","Bacteria","Proteobacteria","Alphaproteobacteria","Rhodospirillales","Terasakiellaceae",NA,NA,NA
"TACGGAGGGGGTTAGCGTTGTTCGGAATTACTGGGCGTAAAGCGCGCGTAGGCGGATCAGAAAGTTGGGGGTGAAATCCCGGGGCTCAACCCCGGAACTGCCTCCAAAACTCCTGGTCTAGAGTTCGAGAGAGGTGAGTGGAACTCCGAGTGTAGAGGTGAAATTCGTAGATATTCGGAAGAACACCAGTGGCGAAGGCGGCTCACTGGCTCGATACTGACGCTGAGGTGCGAAAGTGTGGGGAGCAAACAGG","Bacteria","Proteobacteria","Alphaproteobacteria","Rhodobacterales","Rhodobacteraceae",NA,NA,NA
"TACGGAGGGTGCAAGCGTTGTTCGGAATTACTGGGCGTAAAGCGCGCGTAGGCGGCTATTTAAGTCAGATGTGAAAGCCCGCGGCTCAACCGTGGAAGTGCATTTGAAACTGGGTAGCTTGAGTACTGGAGGGGGTAGTGGAATTCCCGGTGTAGAGGTGAAATTCGTAGATATCGGGAGGAATACCGGTGGCGAAGGCGACTACCTGGCCAGATACTGACGCTGAGGTGCGAAAGCGTGGGGAGCAAACAGG","Bacteria","Desulfobacterota","Desulfobulbia","Desulfobulbales","Desulfocapsaceae",NA,NA,NA
"TACGGAAGGTGCAAGCGTTATCCGGAATCACTGGGTTTAAAGGGTGCGTAGGCGGTCTAATAAGTCAGAGGTGAAAGGTCTGGGCTTAACCGAGGCATTGCCTTTGATACTGTTAGACTAGAATTAGGCTTAGGTAGGCGGAATGTGACATGTAGCGGTGAAATGCATAGATATGTCATAGAACACCAATTGCGAAGGCAGCTTACTAGACCTATATTGACGCTGAGGCACGAAAGCGTGGGGAGCGAACAGG","Bacteria","Bacteroidota","Bacteroidia","Chitinophagales","Saprospiraceae",NA,NA,NA
"TACGGAGGGTGCGAGCGTTAATCTGAATTACTGGGCGTAAAGCGCATGCAGGTGGTTTGTTAAGTCAGATGTGAAAGCCCGGGGCTCAACCTCGGAATAGCATTTGAAACTGGCAGACTAGAGTACTGTAGAGGGGGGTAGAATTTCAGGTGTAGCGGTGAAATGCGTAGAGATCTGAAGGAATACCGGTGGCGAAGGCGGCCCCCTGGACAGATACTGACACTCAGATGCGAAAGCGTGGGGAGCAAACAGG","Bacteria","Proteobacteria","Gammaproteobacteria","Vibrionales","Vibrionaceae","Vibrio",NA,NA
"GACGAACCGTCCAAACGTTATTCGGTATCACTGGGCTTAAAGAGTCCGTAGGCGGCCATGTAGGTCAGATGTGAAATCCCACAGCTCAACTGTGGAACTGCGTTTGAAACCACATGGCTTGAGGGAGATAGAGGTGAGCGGAACAGATGGTGGAGCGGTGAAATGCGTTGATATCATCTGGAACACCGGTGGCGAAAGCGGCTCACTGGATCTCTTCTGACGCTGAGGGACGAAAGCTAGGGTAGCGAACGGG","Bacteria","Planctomycetota","Planctomycetes","Pirellulales","Pirellulaceae","Pirellula",NA,NA
"TACGGGGGGTGCGAGCGTTAATCGGAATTACTGGGCGTAAAGGGTGCGTAGGCGGCTATGTAAGTCAGATGTGAAATCCCACGGCTTAACCGTGGAACTGCATATGATACTGTATGGCTAGAGAATGGTAGGGGATAGTAGAATTCCTGGTGTAGGGGTGATATCCGTAGATATCAGGAAGAATACCGGAGGCGAAGGCGACTATCTGGACCATCCCTGACGCTGAGGCACGAAAGCGTGGGTAGCAAACAGG","Bacteria",NA,NA,NA,NA,NA,NA,NA
"TACGGAGGGTGCAAGCGTTACTCGGAATCACTGGGCGTAAAGAGCGTGTAGGCGGATAGTTAAGTTTGAAGTGAAATCCAATGGCTCAACCATTGAACTGCTTTGAAAACTGATTATCTAGAATATGGGAGAGGTAGATGGAATTTCTGGTGTAGGGGTAAAATCCGTAGAGATCAGAAGGAATACCGATTGCGAAGGCGATCTACTGGAACATTATTGACGCTGAGACGCGAAAGCGTGGGGAGCAAACAGG","Bacteria","Campilobacterota","Campylobacteria","Campylobacterales","Arcobacteraceae",NA,NA,NA
"TACGGAGGGTGCGAGCGTTAATCGGAATTACTGGGCGTAAAGCGTGCGTAGGCGGATTGTTAAGCGAGATGTGAAATCCCGGGGCTCAACCTCGGAACTGCATTTCGAACTGGCTATCTAGAGTACTGTAGAGGGTGGTGGAATTTCCAGTGTAGCGGTGAAATGCGTAGAGATTGGAAGGAACATCAGTGGCGAAGGCGGCCACCTGGACAGATACTGACGCTGAGGCACGAAAGCGTGGGGAGCAAACAGG","Bacteria","Proteobacteria","Gammaproteobacteria","Alteromonadales","Colwelliaceae","Thalassotalea","Thalassotalea","coralli"
"TTCCAGCTCCAATAGCGTATATTAAAGTTGCTGCAGTTAAAAAGCTCGTAGCTGGATCTCGGGTCCAGGCTGGCGTACCACCTCGTTGTGGTTACTGCCTGTTCTGATCCAACCTCTCGGTTGTAAACCCTTGGTGCTCTTTATTGAGTTGCTTCGGGTGGCCGAAACTTTTACTTTGAAAAAATTAGAGTGTTCAAAGCAGGCGATTCGCCTGCACAATGGTGCATGGAATAATGGAATAGGACCTCGGTTCTATTTTGTTGGTTTTCGGAACACGAGGTAATGATAAAGAGGGACTGACGGGGGCATTCGTATGGCGGGGTTAGAGGTGAAATTCTTGGATCCTCGCCAGACGGCCTACAGCGAAAGTATTTGCCAAGCATGTTTTCATTAGTCAAGAACGAAAGTCAGAGGTTCGAAGACG","Eukaryota",NA,NA,NA,NA,NA,NA,NA
"TACGGGGGGAGCGAGCGTTGTTCGGATTTACTGGGCGTAAAGGGCGTGTAGGTGGATCTTCCAGTCAAATGTGAAAACCGGTGGCTTAACCGCCGGCCTGCATTTGATACTGTTGATCTTGAGTACGGGAGAGGAAAGCGGAATTCCTGGTGTAGCGGTGAAATGCGTAGATATCAGGAGGAACACCGGTGGCGAAGGCGGCTTTCTGGCCCGATACTGACACTGAGGCGCGAAGGCCGGGGGAGCAAACAGG","Bacteria","Zixibacteria",NA,NA,NA,NA,NA,NA
"TACGGAGGGGGCTAGCGTTGTTCGGAATTACTGGGCGTAAAGCGCGCGTAGGCGGATTGTTAAGTCGGGGGTGAAATCCCGGGGCTCAACCCCGGAACTGCCTCCGATACTGGCAATCTAGAGATCGAGAGAGGTGAGTGGAATTCCGAGTGTAGAGGTGAAATTCGTAGATATTCGGAGGAACACCAGTGGCGAAGGCGGCTCACTGGCTCGATACTGACGCTGAGGTGCGAAAGCGTGGGGAGCAAACAGG","Bacteria","Proteobacteria","Alphaproteobacteria","Rhodobacterales","Rhodobacteraceae","Limibaculum",NA,NA
"TTCCAGCTCCAATAGCGTATATTAAAGTTGCTGCAGTTAAAAAGCTCGTAGCTGGATCTCGGGTCCAGGCTGGCGGTCCACCTCGTTGTGGTTACTGCCTGTTCTGACCCAACCTCTCGGTTGTAAACCCTTGGTGCTCTTGATTGAGTTGCTTCGGGTGGCCGAAACTTTTACTTTGAAAAAATTAGAGTGTTCAAAGCAGGCGATTCGCCTGCACAATGGTGCATGGAATAATGGAATAGGACCTCGGTTCTATTTTGTTGGTTTTCGGAACACGAGGTAATGATTAAGAGGGACTGACGGGGGCATTCGTATGGCGGGGTTAGAGGTGAAATTCTTGGATCCTCGCCAGACGGCCTACAGCGAAAGCATTTGCCAAGCATGTTTTCATTAGTCAAGAACGAAAGTAAGAGGTTCGAAGACG","Eukaryota",NA,NA,NA,NA,NA,NA,NA
"TACGGAGGGTGCGAGCGTTAATCGGAATTACTGGGCGTAAAGCGTGCGTAGGCGGATTGTTAAGCAAGATGTGAAAGCCCCGGGCTCAACCTGGGAACTGCATTTTGAACTGGCTATCTAGAGTATTGTAGAGGGTGGTGGAATTTCCAGTGTAGCGGTGAAATGCGTAGAGATTGGAAGGAACATCAGTGGCGAAGGCGGCCACCTGTACAAATACTGACGCTGAGGCACGAAAGCGTGGGGAGCGAACAGG","Bacteria","Proteobacteria","Gammaproteobacteria","Alteromonadales","Colwelliaceae",NA,NA,NA
"TACGAAGGGGGCAAGCGTTGTTCGGAATTACTGGGCGTAAAGAGTACGTAGGCGGTTTATCTAGTTAGGTGTGAAATCCCAGGGCTCAACTTTGGAACTGCACTTAATACTGATAAACTAGAATGTAAGAGAGGGAAGTGGAATTTCTAGTGTAGGAGTGAAATCCGTAGATATTAGAAGGAACACCAGAGGCGAAGGCGACTTCCTGGCTTATAATTGACGCTGAGGTACGAAAGCGTGGGTAGCAAACAGG","Bacteria","Bdellovibrionota","Bdellovibrionia",NA,NA,NA,NA,NA
"TACGGAGGGTGCAAGCGTTAATCGGAATTACTGGGCGTAAAGCGCGCGTAGGCGGCTTGTTAAGTCGGATGTGAAAGCCCTGGGCTCAACCTGGGAACTGCACCCGATACTGGCAAGCTAGAGTACGGTAGAGGGTGGTAGAATTTCTTGTGTAGCGGTGAAATGCGTAGATATAAGAAGGAATACCAGTGGCGAAGGCGGCCACCTGGACCGATACTGACGCTGAGGTGCGAAAGCGTGGGGAGCAAACAGG","Bacteria","Proteobacteria","Gammaproteobacteria","Cellvibrionales","Spongiibacteraceae","BD1-7 clade",NA,NA
"TACGTAGGGTGCAAGCGTTGTTCGGATTTATTGGGCGTAAAGGGTTCGCAGGGGGTTTGTTAAGTCTGATGTGAAATCCAACGGCTCAACCGTTGAACTGCATTGGAAACTGATAAACTAGAGTACTGGAGAGGTAAGTGGAATTCCTGGTGGAGCGGTGGAATGCGTAGATATCAGGAGGAACACCAAGAGCGAAGGCAACTTACTGGACAGTTACTGACCCTCAGGAACGAAAGCATGGGTAGCAAACAGG","Bacteria","Verrucomicrobiota","Lentisphaeria","Victivallales","BD2-3",NA,NA,NA
"AACGTAGGGGTCGAGCGTTATCCGGATTTACTGGGCGTAAAGCGCGTGTAGGCGGCTGCTTAAGTCGGACGTGAAAGCTCCTGGCTCAACTGGGAGAGGCCGTTCGAAACTAGGTAGCTCGAGGGTGGTAGAGGAGAGTGGAATTCCCGGTGTAGTGGTGAAATGCGTAGATATCGGGAGGAACACCAGTGGCGAAGGCGGCTCTCTGGGCCATTCCTGACGCTGAGACGCGAAAGCTAGGGGAGAGAACGGG","Bacteria","Chloroflexi","Anaerolineae","Ardenticatenales",NA,NA,NA,NA
"GACAGAGGGTGCGAACGTTGTTCGGAATTACTGGGCGTAAAGCGCGTGCAGGCTGTTGCGCAAGTCGGGTGTGAAAGCCCGGGGCTCAACCCCGGAAGTGCACTCGAAACTGCGTAACTGGAGTCTCGGAGAGGGAGGCGGAATTCTCGGTGTAGAGGTGAAATTCGTAGATATCGAGAGGAACACCAGTGGCGAAGGCGGCCTCCTGGACGATGACTGACGCTGAGACGCGAAAGCGTGGGGAGCAAACAGG","Bacteria","Myxococcota","Polyangia","Polyangiales","Eel-36e1D6",NA,NA,NA
"TACGGAGGGTGCAAGCGTTAATCGGAATTACTGGGCGTAAAGCGCGCGTAGGTGGTTTGATAAGCGAGATGTGAAAGCCCCGGGCTCAACCTGGGAACGGCATTTCGAACTGTCAGGCTAGAGTATGGTAGAGGAGTGTGGAATTTCCTGTGTAGCGGTGAAATGCGTAGATATAGGAAGGAACACCAGTGGCGAAGGCGGCACTCTGGACCAATACTGACACTGAGGTGCGAAAGCGTGGGGAGCAAACAGG","Bacteria","Proteobacteria","Gammaproteobacteria","Alteromonadales","Marinobacteraceae","Marinobacter","Marinobacter",NA
"TACGGAGGGGGTTAGCGTTGTTCGGAATTACTGGGCGTAAAGCGCGCGTAGGCGGACCAGAAAGTAAGGGGTGAAATCCCAGGGCTCAACCCTGGAACTGCCTCTTAAACTCCTGGTCTTGAGTTCGAGAGAGGTGAGTGGAATTCCGAGTGTAGAGGTGAAATTCGTAGATATTCGGAGGAACACCAGTGGCGAAGGCGGCTCACTGGCTCGATACTGACGCTGAGGTGCGAAAGTGTGGGGAGCAAACAGG","Bacteria","Proteobacteria","Alphaproteobacteria","Rhodobacterales","Rhodobacteraceae","Leisingera","Leisingera",NA
"TACGTATGTCGCAAGCGTTATCCGGAATTATTGGGCGTAAAGCGAGTCTAGGCGGTTTGTTAAGTCAGATGTGAAAATGCGGGGCTCAACTCCGTATGGTCTTTGATACTGGCAAACTAGAGTACTGGAGAGGTGGGCGGAACTACAAGTGTAGAGGTGAAATTCGTAGATATTTGTAGGAATGCTGATAGTGAAGACAGCTCACTGGACAGATACTGACGCTAAAGCTCGAAAGCGTGGGGAGCAAACAGG","Bacteria","Fusobacteriota","Fusobacteriia","Fusobacteriales","Fusobacteriaceae","Psychrilyobacter",NA,NA
"TTCCAGCTCCAATAGCGTATATTAAAGTTGCTGCAGTTAAAAAGCTCGTAGCTGGATTTCGGGTCCAGGCTGGCGGTCCACCTCGTTGTGGTTACTGCCTGTTCTGACCCAACCTCTCGGTTGTAAACCCTTGGTGCTCTTGATTGAGTTGCTTCGGGTGGCCGAAACTTTTACTTTGAAAAAATTAGAGTGTTCAAAGCAGGCGATTCGCCTGCACAATGGTGCATGGAATAATGGAATAGGACCTCGGTTCTATTTTGTTGGTTTTCGGAACACGAGGTAATGATTAAGAGGGACTGACGGGGGCATTCGTATGGCGGGGTTAGAGGTGAAATTCTTGGATCCTCGCCAGACGGCCTACAGCGAAAGCATTTGCCAAGCATGTTTTCATTAGTCAAGAACGAAAGTCAGAGGTTCGAAGACG","Eukaryota",NA,NA,NA,NA,NA,NA,NA
"TACGGAGGGTGCAAGCGTTGTTCGGAATTACTGGGCGTAAAGGGCGCGTAGGCGGCCCGATAAGTCAGGTGTGAAAGTCCACGGCTCAACCGTGGAAGTGCATTTGAAACTGTCGGGCTTGAGTATCGGAGGGGAGTGTGGAATTCCCGGTGTAGAGGTGAAATTCGTAGAGATCGGGAGGAACACCGGTGGCGAAGGCGACACTCTGGACGAATACTGACGCTGAGGCGCGAAAGCGTGGGGAGCAAACAGG","Bacteria","Desulfobacterota","Desulfobulbia","Desulfobulbales","Desulfobulbaceae",NA,NA,NA
"GACGGAGGGTGCTAGCGTTGTTCGGAATCACTGGGCGTAAAGGGCGCGTAGGCGGCTTTGGCAGTCGGATGTGAAAGCCCGGGGCTCAACTCCGGAGGTGCATCCGATACTCCAAGGCTGGAGGTCGGAAGAGGAGGGTGGAATACCCAGTGTAGAGGTGAAATTCGTAGATATTGGGTGGAACACCGGTGGCGAAAGCGGCTCTCTGGTCCGAACCTGACGCTGAGGCGCGAAAGCGTGGGGAGCAAACAGG","Bacteria","Proteobacteria","Alphaproteobacteria","Tistrellales","Geminicoccaceae",NA,NA,NA
"TACGGAGGGTGCAAGCGTTATTCGGATTCACTGGGCGTAAAGAGCACGTAGGCGGTTTGGTAAGTCTGATGTGAAATCCCCCGACTCAATCGGGGAAGTGCATTGGATACTGCCAGGCTAGAGTACAGGAGGGGTGAGCGGAATTCCAGGTGTAGAGGTGAAATTCGTAGATATCTGGAGGAACAACGGTGGCGAAGGCGGCTCACTGGACTGTTACTGACGCTGAGGTGCGAAAGCGTGGGGAGCAAACAGG","Bacteria","SAR324 clade(Marine group B)",NA,NA,NA,NA,NA,NA
"GACGGAGGGGGCAAGCGTTGTTCGGAATTACTGGGCGTAAAGCGCGCGTAGGCGGCGTGCCAAGTGTGACGTGAAAGCCCTCGGCTTACCCGAGGAAGGGCGTCGCAGACTGGTAGGCTAGAGTGCCGGAGGGGGATGCGGAATTCCTGGTGGAGCGGTGAAATGCGTAGAGATCAGGAAGAACGTCGGTGGCGAAGGCGGCATCCTGGACGGACACTGACGCTGAGGTGCGAGAGCGTGGGGAGCGAACGGG","Bacteria","Modulibacteria","Moduliflexia","Moduliflexales","Moduliflexaceae",NA,NA,NA
"GACGAACCGTCCAAACGTTATTCGGAATTATTGGGCTTAAAGGGTGCGTAGGCGGCGTCGTAAGTCAGGTGTGAAATCCCACGGCTCAACCGTGGAACTGCGCATGATACTGCGGTGCTTGAGTGAGACAGAGGTAAGCGGAACTGATGGTGGAGCGGTGAAATGCGTTGATATCATCAGGAACACCAGTGGCGAAAGCGGCTTACTGGGTCTCTACTGACGCTGAGGCACGAAAGCTAGGGTAGCGAACGGG","Bacteria","Planctomycetota","Planctomycetes","Pirellulales","Pirellulaceae","Pir4 lineage",NA,NA
"GACGAACCGTACGAACGTTATTCGGAATTACTGGGCTTAAAGGGTGCGTAGGCTGCGCGGAAAGTTGGGTGTGAAATCCCTCAGCTCAACTGAGGAATTGCATCCAAAACTGCCGTGCTAGAGGGAGACAGAGGTGAGCGGAACTCAAGGTGGAGCGGTGAAATGCGTTGATATCTTGAGGAACACCGGTGGCGAAAGCGGCTCACTGGGTCTCTTCTGACGCTGAGGCACGAAAGCTAAGGTAGCAAACGGG","Bacteria","Planctomycetota","Planctomycetes","Pirellulales","Pirellulaceae",NA,NA,NA
"TACGAGTGCCCCAAGCGTTATCCGGAATTATTGGGCGTAAAGGGTTCGTAGGCGGTTTTATTAGTCTTCTGTCAAATCCCAGGGCTCAACCCTGGTTCTGCAGGAGAAACGGTAAGACTAGAGGATGTGAGAGGTTTGTGGAACTCATAGTGTAGGGGTGAAATCCGTTGATCTTATGAGGAACACCAAATGCGAAGGCAACAAACTGGCACATTCCTGACGCTGAGGAACGAAAGCGTGGGTCGCGAATGGG","Bacteria","Patescibacteria","Parcubacteria",NA,NA,NA,NA,NA
"TACGGAGGGTGCAAGCGTTAATCGGAATTACTGGGCGTAAAGCGCGCGTAGGCGGCTAAGTAAGTCGGATGTGAAAGCCCTGGGCTTAACCTGGGAATTGCATTCGATACTGCTTGGCTAGAGTATGGTAGAGGATAGTGGAATTCCTGGTGTAGCGGTGAAATGCGTAGATATCAGGAGGAACATCAGTGGCGAAGGCGGCTATCTGGACCAATACTGACGCTGAGGTGCGAAAGCGTGGGGAGCAAACAGG","Bacteria","Proteobacteria","Gammaproteobacteria","JTB23",NA,NA,NA,NA
"CACGTAGGCACCAAGCGTTATCCGGATTTATTGGGCGTAAAGAGCTCGTAGGCGGTTCGGTAAGTCGGGTGTGAAAACTCTGGGCTCAACCCAGAGAGGCCACCCGATACTGCTGTGACTAGAGTGCGGTAGGGGAGCGGGGAATTCATGGTGTAGCGGTGAAATGCGCAGATATCATGAGGAACACCAGTGGCGAAGGCGCCGCTCTGGGCCGTAACTGACGCTGAGGAGCGAAAGCATGGGTAGCAAACAGG","Bacteria","Actinobacteriota","Acidimicrobiia","Microtrichales","Ilumatobacteraceae","Ilumatobacter",NA,NA
"TACGGAGGATGCGAGCGTTATCCGGATTTATTGGGTTTAAAGGGTGCGTAGGCGGACTAATAAGTCAGTGGTGAAATCCTGCAGCTCAACTGTAGAACTGCCATTGATACTGTTAGTCTTGAATTTAGTTGAGGTAGGCGGAATGTGTTGTGTAGCGGTGAAATGCATAGATATAACACAGAACACCGATTGCGAAGGCAGCTTACTAAGCTATAATTGACGCTGATGCACGAAAGCGTGGGTAGCGAACAGG","Bacteria","Bacteroidota","Bacteroidia","Bacteroidales","Marinilabiliaceae","Labilibacter",NA,NA
"CACGGGGGGCGCAAGCGTTATTCGGAATTATTGGGCGTAAAGGGCGCGTAGGCGGTTCTGTCGGTCAGATGTGAAAGCCCGGGGCTCAACCCTGGAAGTGCATTTGAAACAGCAGAACTTGAGTACGGGAGAGGAAAGCGGAATTCCTGGTGTAGAGGTGAAATTCGTAGATATCAGGAGGAACACCGATGGCGAAGGCAGCTTTCTGGACCGATACTGACGCTGAGGCGCGAAGGCGTGGGTAGCGAACGGG","Bacteria","Desulfobacterota","Desulfobacteria","Desulfobacterales","Desulfobacteraceae","Desulfotignum","Desulfotignum","toluenicum"
"TACGAAGGGGGCAAGCGTTGTTCGGAATTACTGGGCGTAAAGAGTACGTAGGCGGTTTATCTAGTTAGGTGTGAAATCCCAGAGCTCAACTTTGGAACTGCACTTAATACTGATAAACTAGAATGTAAGAGAGGGAAGTGGAATTTCTAGTGTAGGAGTGAAATCCGTAGATATTAGAAGTAACACCAGAGGCGAAGGCGACTTCCTGGCTTATAATTGACGCTGAGGTACGAAAGCGTGGGTAGCAAACAGG","Bacteria",NA,NA,NA,NA,NA,NA,NA
"TACGGAGGGTGCAAGCGTTAATCGGAATTACTGGGCGTAAAGCGAGTGTAGGCGGCTGCGTATGTCGGATGTGAAAGCCCTGGGCTCAACCTGGGAATTGCATTCGAAACTGCGTGGCTAGAGTCTGATAGAGGGAAGTGGAATTCCAGGTGTAGCGGTGAAATGCGTAGATATCTGGAGGAGCACCAGTGGCGAAGGCGGCTTCCTGGATCAAGACTGACGCTGAGGCTCGAAAGCGTGGGGAGCAAACAGG","Bacteria","Proteobacteria","Gammaproteobacteria","Gammaproteobacteria Incertae Sedis","Unknown Family",NA,NA,NA
"TACGGAGGGTGCGAGCGTTAATCGGAATTACTGGGCGTAAAGCGCGCGTAGGCGGTTTGTTAAGTCGGATGTGAAATCCCCGGGCTCAACCTGGGAACTGCACCCGATACTGGCCGACTAGAGTACGAGAGAGGGAGGTAGAATTCCACGTGTAGCGGTGAAATGCGTAGATATGTGGAGGAATACCAGTGGCGAAGGCGGCCTCCTGGCTCGATACTGACGCTGAGGTGCGAAAGCGTGGGGAGCAAACAGG","Bacteria","Proteobacteria","Gammaproteobacteria","Cellvibrionales","Halieaceae","Haliea",NA,NA
"TACGAAGGGACCTAGCGTAGTTCGGAATTACTGGGCTTAAAGAGTTCGTAGGTTGTTGAAAAAGTTAGTGGTGAAATCCCAGAGCTTAACTCTGGAACTGCCATTAAAACTTTTCAGCTAGAGTATGATAGAGGAAAGCAGAATTTCTAGTGTAGAGGTGAAATTCGTAGATATTAGAAAGAATACCAATTGCGAAGGCAGCTTTCTGGATCATTACTGACACTGAGGAACGAAAGCATGGGTAGCGAAGAGG","Bacteria","Proteobacteria","Alphaproteobacteria","SAR11 clade","Clade I","Clade Ia",NA,NA
"TACGGGGGGTGCAAGCGTTGTTCGGATTTACTGGGCGTAAAGGGCGCGTAGGCGGACCTTCAAGTCAGATGTGAAATCTGTCGGCTTAACCGACAGTCTGCATTTGAAACTGGAGGTCTTGAGTGCAGGAGAGGAGAGCGGAATTCCAGGTGTAGCGGTGAAATGCGTAGATATCTGGAAGAACACCAGTTGCGAAGGCGGCTCTCTGGACTGACACTGACGCTAAAGCGCGAAGGCTTGGGTAGCAAACAGG","Bacteria","Zixibacteria",NA,NA,NA,NA,NA,NA
"TACGGAGGGTGCAAGCGTTATCCGGATTCATTGGGTTTAAAGGGTGCGCAGGCGGGCTTGTAAGTCAGTGGTGAAATCTTGCCGCTTAACGGTAAAATTGCCATTGATACTGCAGGTCTTGAGTATGGTTGAGGTAGGTGGAATGTGTTGTGTAGCGGTGAAATGCATAGATATGACACAGAACGCCAATTGCGAAGGCAACTTACTAAGCCATTACTGACGCTGAGGCACGAAAGCGTGGGGAGCGAACAGG","Bacteria","Bacteroidota","Bacteroidia","Bacteroidales","Prolixibacteraceae","Draconibacterium",NA,NA
"TACGGAGGGTGCAAGCGTTATTCGGAATTATTGGGCGTAAAGCGCACGTAGGCGGTTTGGTAAGTTTGATGTGAAAGCCCCCGACTCAATCGGGGAAGTGCATTGAATACTGCTAGACTTGAGTGTAGGAGGGGAGAACGGAATTCCTGGTGTAGAGGTGAAATTCGTAGATATCAGGAGGAACAACGGCGGCGAAGGCGGTTCTCTGGACTATTACTGACGCTGAGGTGCGAAAGCGTGGGGAGCGAACAGG","Bacteria","SAR324 clade(Marine group B)",NA,NA,NA,NA,NA,NA
"TACGGACGGTGCAAGCGTTAATCGGAATCACTGGGCGTAAAGCGTACGTAGGCTGCCTTTTAAGTCAGGTGTGAAAGCCCTCGGCTCAACCGAGGAACTGCACTTGATACTGATTGGCTTGAGTCCTGGAGAGGATGGCGGAATTCCTGGTGTAGGAGTGAAATCCGTAGATATCAGGAGGAACACCGGTGGCGAAGGCGGCCATCTGGACAGGTACTGACGCTGAGGTACGAAAGCGTGGGGAGCAAACAGG","Bacteria","Desulfobacterota","Desulfovibrionia","Desulfovibrionales","Desulfovibrionaceae","Desulfovibrio",NA,NA
"TACGGAGGGGGTTAGCGTTGTTCGGAATTACTGGGCGTAAAGCGCGCGTAGGCGGATTGGAAAGTTGGGGGTGAAATCCCGGGGCTCAACCCCGGAACTGCCTCCAAAACTATCAGTCTAGAGTTCGAGAGAGGTGAGTGGAATTCCAAGTGTAGAGGTGAAATTCGTAGATATTTGGAGGAACACCAGTGGCGAAGGCGGCTTACTGGCTCGATACTGACGCTGAGGTGCGAAAGTGTGGGGAGCAAACAGG","Bacteria","Proteobacteria","Alphaproteobacteria","Rhodobacterales","Rhodobacteraceae","Ascidiaceihabitans",NA,NA
"GGTGTCAGCCGCGGTAATTCCAGCTCCAATAGCGTATACTAATGTTGTTGCAGTTAAAAAGCTCGTAGTTGAAATTATATCTCATCAGAGATCAACCTTTATGGTGATTATTGTGAATAAATTAGAGTGTTTCAGGCAGACTACGTTTGAATACATAAGCATGGAATAATAAAATATGAATTTTTAATTTTGGTTTTAAATTTTAATGATTAATAGAAGCAATTGGGGGCATTCGTATTTAATAGTCAGAGGTAAAATTCTTGGATTTATTAAAGACGAACTAAAGCGAAAGCATTTGTCAAAGATGTTTTCATTAATCAAGAACGAAAGTTAGGGGATCAAAGACG","Eukaryota",NA,NA,NA,NA,NA,NA,NA
"TTCCAGCTCCAATAGCGTATACTAATGTTGTTGCAGTTAAAAAGCTCGTAGCTGGATCTCGGGTCCAGGCTGGCGGTCCACCTCGTTGTGGTTACTGCCTGTTCTGACCCAACCTCTCGGTTGTAAACCCTTGGTGCTCTTGATTGAGTTGCTTCGGGTGGCCGAAACTTTTACTTTGAAAAAATTAGAGTGTTCAAAGCAGGCGATTCGCCTGCACAATGGTGCATGGAATAATGGAATAGGACCTCGGTTCTATTTTGTTGGTTTTCGGAACACGAGGTAATGATTAAGAGGGACTGACGGGGGCATTCGTATGGCGGGGTTAGAGGTGAAATTCTTGGATCCTCGCCAGACGGCCTACAGCGAAAGCATTTGCCAAGCATGTTTTCATTAGTCAAGAACGAAAGTCAGAGGTTCGAAGACG","Eukaryota",NA,NA,NA,NA,NA,NA,NA
"TACGGAGGGTGCAAGCGTTAATCGGAATTACTGGGCGTAAAGCGCTCGTAGGCGGTTTGTTAAGTCGGATGTGAAAGCCCCGGGCTCAACCTGGGAACTGCATTCGATACTGGCAAACTAGAGTATAGAAGAGGTAAGTGGAATTCCGGGTGTAGCGGTGAAATGCGTAGATATCCGGAGGAACATCAGTGGCGAAGGCGACTTGCTGGTCTAATACTGACGCTGAGGAGCGAAAGCGTGGGGAGCAAACGGG","Bacteria","Proteobacteria","Gammaproteobacteria","BD7-8",NA,NA,NA,NA
"TACGGAGGGTGCAAGCGTTATCCGGAATCACTGGGTTTAAAGGGTGCGTAGGCGGCGTTATAAGTCAGATGTGAAAGCCCACCGCTTAACGGTGGAACTGCATTTGATACTGTAGTGCTTGAATCAGGCTGAGGTCAGCGGAATGTGTCATGTAGCGGTGAAATGCATAGATATGACATAGAACACCAATTGCGAAGGCAGCTGGCTAGACCTGTATTGACGCTGAGGCACGAAAGCGTGGGGAGCGAACAGG","Bacteria","Bacteroidota","Bacteroidia","Chitinophagales","Saprospiraceae","Portibacter",NA,NA
"TACGGAGGGTGCAAACGTTGTTCGGAATTATTGGGCGTAAAGAGCATGTAGGCGGTCTGTCAAGTCTGATGTGAAAGCCCGGGGCTCAACCCCGGAAGTGCATTGGAAACTGGCAGACTTGAGTACGGGAGAGGAAAGTGGAATTTCGAGTGCAGGGGTGAAATCCGTAGATATTCGAAGGAACACCAGTGGCGAAGGCGGCTTTCTGGACCGATACTGACGCTGAGATGCGAAAGCGTGGGGAGCAAACAGG","Bacteria","Desulfobacterota","Desulfuromonadia","Sva1033",NA,NA,NA,NA
"TACATAGGGTGCAAGCGTTATCCGGAATTATTGGGCGTAAAGCGTGCGTAGGCGGTTTACTAAGTCTGAAGTTAAAGCCTGGGGCTCAACCCCAGCCCGCTTTGGATACTGGTAGACTAGAGTTATATAGAGGTTAGCGGAACTCCATGTGAAGCGGTGGAATGCGTAGATATATGGAAGAACACCAAGAGCGAAGGCAACTAACTGGATATACACTGACGCTGAGGCACGAAAGCGTGGGGAGCAAACAGG","Bacteria","Firmicutes","Bacilli","Mycoplasmatales","Mycoplasmataceae","Mycoplasma",NA,NA
"TACGGAGGGTGCAAACGTTGTTCGGAATTACTGGGCGTAAAGCGCATGTAGGCGGATATGTAGGTCAGATGTGAAATCCCTTGGCTCAACCAAGGAAGTGCATCTGAAACCACATATCTTGAGTATGACAGAGGGAAGTGGAATTCCCAGTGTAGAGGTGAAATTCATAGATATTGGGAAGAACACCGGTGGCGAAGGCGGCTTTCTGGGTCATTACTGACGCTGAGATGCGAAAGCGTGGGGAGCAAACAGG","Bacteria","Sva0485",NA,NA,NA,NA,NA,NA
"TACGTAGGGTGCAAGCGTTGTCCGGAATTATTGGGCGTAAAGAGCTCGTAGGCGGTTTGTCGCGTCTGCTGTGAAATCCCGAGGCTCAACCTCGGGCTTGCAGTGGGTACGGGCAGACTAGAGTGCGGTAGGGGAGATTGGAATTCCTGGTGTAGCGGTGGAATGCGCAGATATCAGGAGGAACACCGATGGCGAAGGCAGATCTCTGGGCCGTAACTGACGCTGAGGAGCGAAAGCGTGGGGAGCGAACAGG","Bacteria","Actinobacteriota","Actinobacteria","Micrococcales","Microbacteriaceae","Curtobacterium","Curtobacterium",NA
"TACGAACTGCGCGAACGTTATTCGGAATCACTGGGCTTAAAGGGTGCGTAGGCGGCCTGTTAAGTAGGGTGTGAAATTTGTCGGCTCAACCGGCAAACTGCATTCTAAACTGGCAGGCTTGAGTGAGTCAGGGGTGTGCGGAACTTCCGGTGGAGCGGTGAAATGCGTTGATATCGGAAGGAACGCCGGTGGCGAAAGCGGCACACTGGGGCTTTTCTGACGCTGAGGCACGAAAGCCAGGGGAGCGAACAGG","Bacteria","Planctomycetota","Planctomycetes","Planctomycetales","Gimesiaceae",NA,NA,NA
"GACAGAGGGTGCAAACGTTGCTCGGAATCACTGGGCGTAAAGCGCGTGTAGGCGGGTGGCCAAGTCAGATGTGAAAGCCCTGGGCTCAACCTAGGAACTGCATCTGAAACTGGTCGCCTGGAGTGCTGGAGAGGGAAGCGGAATTCCTGGTGTAGAGGTGAAATTCGTAGATATCAGGAGGAACACCCGTGGCGAAGGCGGCTTCCTGGACAGTTACTGACGCTGAGACGCGAAAGCGTGGGGAGCAAACAGG","Bacteria","Myxococcota","Polyangia","Polyangiales","Sandaracinaceae","Sandaracinus",NA,NA
"TACGGAGGGTGCAAGCGTTGTCCGGAATCACTGGGCGTAAAGCGCACGTAGGCGGTTACCTAAGTCATTTGTGAAATCCCGGGGCTCAACTCCGGGCCTGCAAGTGATACTGGGTAGCTGGAGCTCGGTAGAGGCGAGTGGAATTCCCGGTGTAGCGGTGGAATGCGTAGATATCGGGAAGAACACCAGTGGCGAAGGCGACTCGCTGGGCCGTAGCTGACGCTTAGGTGCGAAAGCGTGGGGAGCAAACAGG","Bacteria","Gemmatimonadota",NA,NA,NA,NA,NA,NA
"TACGGAGGGTGCAAGCGTTAATCGGAATTACTGGGCGTAAAGCGCACGTAGGCGGTTAGTTAAGCTAGCTGTGAAATCCCCGGGCTTAACCTGGGAATTGCAGTTAGAACTGGCTAGCTAGAGTATGGTAGAGGGGTGTGGAATTTCAGGTGTAGCGGTGAAATGCGTAGATATCTGAAGGAACACCAGTGGCGAAGGCGACACCCTGGACCAATACTGACGCTGAGGTGCGAAAGCGTGGGGAGCAAACAGG","Bacteria","Proteobacteria","Gammaproteobacteria","Cellvibrionales","Cellvibrionaceae","Cellvibrio",NA,NA
"TACGAAGGGGGCTAGCGTTGTTCGGAATCACTGGGCGTAAAGCGCACGTAGGCGGATTGATCAGTCAGGGGTGAAATCCCGGGGCTCAACCCCGGAACTGCCTTTGATACTGTCAGTCTTGAGTCCGAGAGAGGTGAGTGGAACTCCGAGTGTAGAGGTGAAATTCGTAGATATTCGGAAGAACACCAGTGACGAAGGCGGCTCACTGGCTCGGTACTGACGCTGAGGTGCGAAAGCGTGGGGAGCAAACAGG","Bacteria","Proteobacteria","Alphaproteobacteria","Rhizobiales","Stappiaceae","Labrenzia",NA,NA
"TACGGAAGGTGCAAGCGTTGTTCGGATTGACTGGGCGTAAAGAGCACGTAGGCGGATTTGTAAGTCGAATGTGAAATCCCCGGGCTTAACCTGGGAACTGCATTCGAAACTACTTATCTTGAATACCTGAAGGGTTGGCGGAATTCCTGGTGTAGGAGTGAAATCCGTAGATATCAGGAGGAATACCAGAGGCGAAGGCGGCCAACTGGCAGTGTATTGACGCTGAGGTGCGAAAGCGTGGGGAGCAAACAGG","Bacteria","Bdellovibrionota","Oligoflexia","Oligoflexales",NA,NA,NA,NA
"TACGGAGGGTGCAAGCGTTGTTCGGATTCACTGGGTATAAAGGGTGCGCAGGCGGCCTGATAAGTCAGGGGTGAAATATGACGGCTCAACCGTCAAACGGCCCCTGAAACTGTCTGGCTTGAGTCCGGGAGAGGATGGTGGAATTCCTGGTGTAGCGGTGAAATGCGTAAATATCAGGAGGAACACCGATGGCGAAGGCAGCCATCTGGCCCGGTACTGACGCTCAGGCACGAAAGCTAGGGGAGCGAACAGG","Bacteria","Latescibacterota",NA,NA,NA,NA,NA,NA
"TACAGAGGGTGCGAGCGTTAATCGGATTTACTGGGCGTAAAGCGTGCGTAGGCGGCTTTTTAAGTCGGATGTGAAATCCCTGAGCTTAACTTAGGAATTGCATTCGATACTGGGAAGCTAGAGTATGGGAGAGGATGGTAGAATTCCAGGTGTAGCGGTGAAATGCGTAGAGATCTGGAGGAATACCGATGGCGAAGGCAGCCATCTGGCCTAATACTGACGCTGAGGTACGAAAGCATAGGGAGCAAACAGG","Bacteria","Proteobacteria","Gammaproteobacteria","Pseudomonadales","Moraxellaceae","Acinetobacter",NA,NA
"TACGGAGGGGGTTAGCGTTGTTCTGAATTACTGGGCGTAAAGCGCGCGTAGGCGGATTAGTCAGTCAGAGGTGAAATCCCAGGGCTCAACCCTGGAACTGCCTTTGATACTGCTAGTCTTGAGTTCGAGAGAGGTGAGTGGAATTCCGAGTGTAGAGGTGAAATTCGTAGATATTCGGAGGAACACCAGTGGCGAAGGCGGCTCACTGGCTCGATACTGACGCTGAGGTGCGAAAGTGTGGGGAGCAAACAGG","Bacteria","Proteobacteria","Alphaproteobacteria","Rhodobacterales","Rhodobacteraceae",NA,NA,NA
"TACGAAAGGGGCTAGCGTTGTTCGGATTTACTGGGCGTAAAGGGCACGCAGGCGGTCTTGCCAGTCAGGGGTGAAAGCCCGGGGCTCAACCCCGGAACTGCCTCTGATACTGTGAGACTAGAGACTAGGAGAGGGTGGTGGAATTCCCAGTGTAGAGGTGAAATTCGTAGATATTGGGAGGAACACCAGAGGCGAAGGCGGCCACCTGGACTAGATCTGACGCTCAGGTGCGAAAGCGTGGGGAGCAAACAGG","Bacteria","Proteobacteria","Alphaproteobacteria","Rhodospirillales","Thalassospiraceae","Thalassospira",NA,NA
"TACGTATGTGGCAAGCGTTACTCGGAATCACTGGGCGTAAAGCGTACGTAGGCGGACATATAAGTCAGAAGTGAAATTTCGGGGCTCAACCTCGAACCTGCTTTTGAAACTGTATGTCTTTAGTATCAGAGGGGTAGATGGAATTCTTGGTGTAGCGGTGGAATGCGTAGATATCAAGAAGAACACCAGAGGCGAAGGCGGTCTACTGGCTGAATACTGACGCTGATGTACGAAAGCGTGGGGAGCGAACAGG","Bacteria","Fibrobacterota","Chitinivibrionia","Chitinivibrionales","Chitinivibrionaceae","possible genus 03",NA,NA
"TACAGAGGGTGCAAACGTTGTTCGGAATTACTGGGCGTAAAGCGCGTGTAGGCGGCACTGTAGGTCGGATGTGAAATCCCGCGGCTCAACCGTGGAAGTGCACTCGAAACCGCAGAGCTAGAGTATCGGAGAGGAAGGTGGAATGCTTGGTGTAGAGGTGAAATTCGTAGATATCAAGCGGAACACCGGTGGCGAAGGCGGCCTTCTGGACGATTACTGACGCTGAGACGCGAAAGCGTGGGTAGCAAACAGG","Bacteria","Myxococcota","Polyangia","Polyangiales","BIrii41",NA,NA,NA
"TACGGGGGGTGCGAGCGTTAATCGGAATTACTGGGCGTAAAGCGCATGCAGGTGGTGTGTTAAGTCAGATGTGAAAGCCCGGGGCTCAACCTCGGAATAGCATTTGAAACTGGCACACTAGAGTACTGTAGAGGGGGGTAGAATTTCAGGTGTAGCGGTGAAATGCGTAGAGATCTGAAGGAATACCAGTGGCGAAGGCGGCCCCCTGGACAGATACTGACACTCAGATGCGAAAGCGTGGGGAGCAAACAGG","Bacteria","Proteobacteria","Gammaproteobacteria","Vibrionales","Vibrionaceae","Vibrio",NA,NA
"TACGAAGGTCCCGAGCGTTATTCGGAATCACTGGGCGTAAAGAGTACGTAGGCGGTTTGGTAAGTCAGGTGTGAAATCCCGGAGCTCAACTCCGGAACTGCATCCGATACTGCCAGACTGGAGTAATGGAGGGGCAGGTGGAATTCTCGGTGTAGCAGTGAAATGCGTGGATATCGAGAGGAAGACCAATGGCGAAGGCAGCCTGCTGGACATTTACTGACGCTGAGGTACGAAGGCCAGGGTAGCGAAAGGG","Bacteria","Verrucomicrobiota","Verrucomicrobiae","Verrucomicrobiales","Rubritaleaceae","Persicirhabdus",NA,NA
"GACGAACCGTCCAAACGTTATTCGGAATTACTGGGCTTAAAGGGTGCGTAGGCGGCCTTATAAGTTGGGTGTGAAATCCCTCGGCTCAACCGAGGAATTGCGCCCAATACTGTAAGGCTAGAGGGAGACAGAGGTGAGCGGAACTTGTGGTGGAGCGGTGAAATGCGTTGATATCACAAGGAACACCTGTGGCGAAAGCGGCTCACTGGGTCTCTTCTGACGCTGAGGCACGAAAGCTGGGGGAGCGAACGGG","Bacteria","Planctomycetota","Planctomycetes","Pirellulales","Pirellulaceae","Pir4 lineage",NA,NA
"GACGAACCGTACAAACGTTATTCGGAATCACTGGGCTTAAAGGGTGCGTAGGCGGCCTGGCAAGTTGGGTGTGAAATCCCTCGGCTCAACCGAGGAATTGCGCCCAAAACTGCTAGGCTTGAGGAAGGCAGAGGCAAGCGGAACTCAGGGTGGAGCGGTGAAATGCGTTGATATCCTGGGGAACACCAGTTGCGAAGGCGGCTTGCTGGGCCTTTTCTGACGCTGAGGCACGAAAGCTAGGGGAGCGAACGGG","Bacteria","Planctomycetota","Planctomycetes","Pirellulales","Pirellulaceae","Pir4 lineage",NA,NA
"TACGGAGGGCGCAAGCGTTACTCGGAATCACTGGGCGTAAAGGACGCGTAGGCGGGTTGGTAAGTCTGATGTGAAATCCTACAGCTTAACTGTAGAACTGCATTGGAAACTACTAGCCTAGAGTATGGGAGGGGCAGATGGAATTAGTGGTGTAGGGGTAAAATCCGTAGATATCACTAGGAATACCGAAAGCGAAGGCGATCTGCTGGAACATTACTGACGCTAAGGCGTGAAAGCGTGGGGAGCAAACAGG","Bacteria","Campilobacterota","Campylobacteria","Campylobacterales","Sulfurimonadaceae","Sulfurimonas",NA,NA
"TACGTAGGTGGCAAGCGTTGTCCGGAATTATTGGGCGTAAAGCGCGCGCAGGCGGTCCTTTAAGTCTGATGTGAAATCTTGCGGCTCAACCGCAAGCGGTCATTGGAAACTGGGGGACTTGAGTGCAGAAGAGGAAAGCGGAATTCCACGTGTAGCGGTGAAATGCGTAGAGATGTGGAGGAACACCAGTGGCGAAGGCGGCTTTCTGGTCTGTAACTGACGCTGAGGCGCGAAAGCGTGGGGAGCAAACAGG","Bacteria","Firmicutes","Bacilli","Bacillales","Planococcaceae",NA,"Bacillus",NA
"TACGGAGGGGGCAAGCGTTATTCGGATTTACTGGGCGTAAAGCGCACGTAGGCGGCCAGGCATGTCGTCGGTGAAAGCCCTCGGCTCAACCGAGGAACTGCCGTCGAAACTGCCTGGCTTGAGTCCGGGAGGGGGGAGCGGAATTCCCAGTGTAGCGGTGAAATGCGTAGATACTGGGAGGAACACCGGTGGCGAAGGCGGCTCCCTGGACCGGTACTGACGCTGAGGTGCGAAAGCGTGGGTAGCAAACAGG","Bacteria","Acidobacteriota","Thermoanaerobaculia","Thermoanaerobaculales","Thermoanaerobaculaceae","Subgroup 23",NA,NA
"TTCCAGCTCCAATAGCGTATATTAAAGTTGTTGCAGTTAAAAAGCTCGTAGTTGGACCTTGGACCTGGACAGGCGGTCCGCCTCACGGCGAGTACTGTCTTGCTGGGTCTTTCCTCTTGGTGATCTGTTGTTTCGGCAGCAGGGAACCAGGACTTTTACTTTGAAAAAATTAGAGTGTTCAAAGCAGGCTCGACGCCGGAATATATTAGCATGGAATAATAAAATAGGACGTGCGGTTCTATTTTGTTGGTTTTTGGAATCGCCGTAATGATTAATAGGGACAGTCGGGGGCATTAGTACTCACATGCTAGAGGTGAAATTCTTGGATTTTGTGAAGACTAACTTCTGCGAAAGCATTTGCCAAGGATGTTTTCATTAATCAAGAACGAAGGTTAGGGTATCGAAAACG","Eukaryota",NA,NA,NA,NA,NA,NA,NA
"TACGTAGGGTGCGAGCGTTGTCCGGAATTATTGGGCGTAAAGAGCTTGTAGGCGGTTTGTCGCGTCTGCCGTGAAAATCCGGGGCTCAACCCCGGACTTGCGGTGGGTACGGGCAGACTAGAGTGTGGTAGGGGAGACTGGAATTCCTGGTGTAGCGGTGAAATGCGCAGATATCAGGAGGAACACCGATGGCGAAGGCAGGTCTCTGGGCCACTACTGACGCTGAGAAGCGAAAGCATGGGGAGCGAACAGG","Bacteria","Actinobacteriota","Actinobacteria","Micrococcales","Intrasporangiaceae","Knoellia","Knoellia","flava"
"TACGGAGGGCGCAAGCGTTACTCGGAATCACTGGGCGTAAAGAGCGTGTAGGCGGGTTAATAAGTCAGAAGTGAAATCCTATAGCTTAACTATAGAACTGCTTTTGAAACTGTTAACCTAGAGTATGGGAGAGGTAGATGGAATTTCTGGTGTAGGGGTAAAATCCGTAGAGATCAGAAGGAATACCGATTGCGAAGGCGATCTACTGGAACATTACTGACGCTGAGACGCGAAAGCGTGGGGAGCAAACAGG","Bacteria","Campilobacterota","Campylobacteria","Campylobacterales","Arcobacteraceae","Halarcobacter",NA,NA
"TACGGAGGGTGCAAGCGTTAATCGGAATTACTGGGCGTAAAGCGCGCGTAGGCGGATGATTAAGTCTCATGTGAAAGCCCAGGGCTCAACCTTGGAACTGCATGGGATACTGGTTATCTAGAATACAGTAGAGGGAGGTGGAATTTCAGGTGTAGCGGTGAAATGCGTAGAGATCTGAAGGAACATCAGTGGCGAAGGCGGCCTCCTGGACTGATATTGACGCTGAGGTGCGAAAGCGTGGGGAGCAAACAGG","Bacteria","Proteobacteria","Gammaproteobacteria","Oceanospirillales","Kangiellaceae","Aliikangiella",NA,NA
"ACGTGCCACCCGCGGTAATACATAGGGTGCAAGCGTTATCCGGAATTATTGGGCGTAAAGCGTTCGTAGGCGGTTTATTAAGTCTGAAGTTAAAGCTCGGTGCTCAACACCGACCCGCTTTGGATACTGATAGACTAGAGTTATATAGAGGTTAGCGGAACTCCATGTGAAGCGGTGGAATGCGTAGATATATGGAAGAACACCAATGGCGAAGGCAGCTAACTGGATATACACTGACGCTGAGGAACGAAAGCGTGGGGAGCAAACAGG","Bacteria","Firmicutes","Bacilli","Mycoplasmatales","Mycoplasmataceae","Mycoplasma",NA,NA
"TACGGAGGGTGCAAGCGTTGTTCGGAATTACTAGGCGTAAAGGGCGCGTAGGCGGCTGGATAAGTCAGATGTGAAAGTCCATGGCTCAACTGTGGAAGTGCATTTGAAACTGTCCGGCTTGAGTATCGGAGGGGAGTGTGGAATTCCCGGTGTAGAGGTGAAATTCGTAGAGATCGGGAGGAACACCGGTGGCGAAGGCGACACTCTGGACGAATACTGACGCTGAGGCGCGAAAGCGTGGGGAGCAAACAGG","Bacteria","Desulfobacterota","Desulfobulbia","Desulfobulbales","Desulfobulbaceae",NA,NA,NA
"CACGTAGGGAGCAAGCGTTGTCCGGATTTATTGGGCGTAAAGAGCTCGTAGGCTGTTCCGTAAGTCAGGTGTGAAAGTCCAAGGCTCAACCTTGGAACGCCACTTGATACTGCGGTGACTTGAGTCCGGTAGAGGAGTGCGGAATTTCTGGTGTAGCGGTGAAATGCGCAGATATCAGAAGGAACACCGACAGCGAAGGCAGCACTCTGGGCCGGTACTGACGCTGAGGAGCGAAAGCATGGGGAGCAAACAGG","Bacteria","Actinobacteriota","Acidimicrobiia","Microtrichales","Microtrichaceae","Sva0996 marine group",NA,NA
"TACGGAGGGGGCAAGCGTTGTTCGGAATTACTGGGCGTAAAGGGCGCGCAGGCGGCGTCGCCAGTCAGGTGTGAAATCCCCGGGCTCAACCTGGGAACTGCACTTGATACTGCGATGCTAGAGTTCGGAAGAGGGTAGTGGAATTCCCAGTGTAGAGGTGAAATTCGTAGATATTGGGAAGAACACCAGTGGCGAAGGCGGCTACCTGGTCCGATACTGACGCTGAGGCGCGAAAGCGTGGGGAGCAAACAGG","Bacteria","Proteobacteria","Alphaproteobacteria","Rhodospirillales","Magnetospiraceae","Magnetospira",NA,NA
"TACGGAGGGTGCGAGCGTTAATCGGAATTACTGGGCGTAAAGCGCGCGTAGGTGGATTGGTCAGTCAGATGTGAAAGCCCAGGGCTCAACCTTGGAACTGCACCTGATACTGCCAATCTAGAGTACGGTAGAGGGTAGTGGAATTTCCTGTGTAGCGGTGAAATGCGTAGATATAGGAAGGAACACCAGTGGCGAAGGCGACTACCTGGACCGATACTGACACTGAGGTGCGAAAGCGTGGGGAGCAAACAGG","Bacteria","Proteobacteria","Gammaproteobacteria","Oceanospirillales","Nitrincolaceae","Neptuniibacter",NA,NA
"TACGGAGGGTGCAAGCGTTATCCGGATTTACTGGGTTTAAAGGGTGCGTAGGCGGGATGATAAGTTAGTGGTGAAATCCTACAGCTCAACTGTAGAATTGCCATTGATACTGTCATCCTTGAGTATAGTTGAGGTGGGCGGAATGTGTCATGTAGCGGTGAAATGCATAGATATGACACAGAACACCGATTGCGAAGGCAGCTCACTAAACTATCACTGACGCTCAGGCACGAAAGCGTGGGTAGCGAACAGG","Bacteria","Bacteroidota","Bacteroidia","Sphingobacteriales",NA,NA,NA,NA
"TACAGAGGGTGCAAGCGTTAATCGGAATTACTGGGCGTAAAGCGCGCGTAGGTGGGTAGTTAAGTTATGTGTGAAAGCCCCGGGCTCAACCTGGGAATTGCACGTAAGACTGGCTATCTAGAGTATAGTAGAGGGAAGTAGAATTTCCGGTGTAGCGGTGAAATGCATAGATATCGGAAGGAATACCAGTGGCGAAGGCGACTTCCTGGGCTATTACTGACACTGAGGCGCGAAAGCGTGGGGAGCAAACAGG","Bacteria","Proteobacteria","Gammaproteobacteria","Coxiellales","Coxiellaceae","Coxiella",NA,NA
"TACGGAGGGTGCAAGCGTTAATCGGAATTACTGGGCGTAAAGCGCGCGTAGGCGGTTTGCTCAGTCAGCTGTGAAAGCCCCGGGCTCAACCTGGGAATTGCAGTTGATACTGGCAGACTGGAATGCGGGAGAGGGAGGTAGAATTCCATGTGTAGCGGTGAAATGCGTAGATATATGGAGGAATACCAGTGGCGAAGGCGGCCTCCTGGCCTGACATTGACGCTGAGGCGCGAAAGCGTGGGGAGCAAACAGG","Bacteria","Proteobacteria","Gammaproteobacteria","Cellvibrionales","BD2-7",NA,NA,NA
"TACGGAGGGTGCAAGCGTTGTTCGGAATTACTGGGCGTAAAGGGCGCGCAGGCGGCATGATAAGTCAGATGTGAAAGCCCACGGCTCAACCGTGGAAGTGCATTTGAAACTGTCAAGCTTGAGTATCAGAGGGGAAAGTGGAATTCCTGGTGTAGAGGTGAAATTCGTAGATATCAGGAGGAATACCGGTGGCGAAGGCGACTTTCTGGCTGAATACTGACGCTGAGGCGCGAAAGCGTGGGGAGCAAACAGG","Bacteria","Desulfobacterota","Desulfobulbia","Desulfobulbales","Desulfobulbaceae","Desulfobulbus",NA,NA
"TACGGAGGGAGCTAGCGTTGTTCGGAATTACTGGGCGTAAAGCGCGCGTAGGCGGCTTTGTAAGTAGAGGGTGAAATCCCAGAGCTCAACTCTGGAACTGCCCCCTAAACTGCAGAGCTAGAATCCTGGAGAGGTGAGTGGAATTCCTAGTGTAGAGGTGAAATTCGTAGATATTAGGAAGAACACCAGTGGCGAAGGCGACTCACTTGACAGGTATTGACGCTGAGGTGCGAAAGCGTGGGGAGCGAACAGG","Bacteria","Proteobacteria","Alphaproteobacteria","Kordiimonadales","Kordiimonadaceae","Kordiimonas",NA,NA
"TACGGAGGGTGCAAGCGTTATTCGGAATCACTGGGCGTAAAGAGCGCGTAGGCGGTTTCTAAAGTCAGATGTGAAAGCCCGGGGCTTAACCCCGGAAGTGCATTTGAAACTTAGGGACTTGAGTATGGGAGAGGGAAGTGGAATTCCTGGTGTAGCGGTGAAATGCGTAGATATCAGGAGGAACACCGGTGGCGAAGGCGGCTTCCTGGACCAATACTGACGCTGAGGCGCGAAGGCGTGGGGAGCAAACAGG","Bacteria","Desulfobacterota","Desulfobacteria","Desulfobacterales","Desulfosarcinaceae","Sva0081 sediment group",NA,NA
"TACGGAGGGTGCAAACGTTGCTCGGAATCATTGGGCGTAAAGCGCGCGTAGGCGGCTAGATTAGTCGGATGTGAAAGCCCTCGGCTTAACCGGGGAAGTGCATTCGAAACTGTCTAGCTTGAGTATGGGAGAGGGTTGCGGAATTCCCGGTGTAGAGGTGAAATTCGTAGATATCGGGAGGAACACCAGAGGCGAAGGCGGCAGCCTGGACCAATACTGACGCTGAGGTGCGAAAGCGTGGGGAGCAAACAGG","Bacteria","Myxococcota","Polyangia","Haliangiales","Haliangiaceae","Haliangium",NA,NA
"TACGGAGGGGGCCAGCGTTGTTCGGAATTATTGGGCGTAAAGGGCGCGTAGGCGGCTGTGCAAGTCGGAGGTGAAATCCCTCGGCTCAACCGAGGAACTGCCTCCGATACTGCATAGCTTGAGTCCCGGAGAGGGTAGCGGAATTCCCAGTGTAGCGGTGAAATGCGTAGATATTGGGAGGAACACCAGTGGCGAAGGCGGCTACCTGGACGGGTACTGACGCTGAGGCGCGAAAGCGTGGGGAGCAAACAGG","Bacteria","Acidobacteriota","Subgroup 22",NA,NA,NA,NA,NA
"TACGGAGGGTGCAAGCGTTGTCCGGATTTATTGGGTTTAAAGGGTGCGTAGGCGGGATATTAAGTCAGTGGTGAAAGCCCACAGCTCAACTGTGGAACTGCCATTGATACTGATATTCTTGAGTACGGATGAGGTAAGCGGAATTTATGGTGTAGCGGTGAAATGCATAGATACCATAAAGAACACCTATAGCGAAGGCAGCTTACTAGGCCGTAACTGACGCTGAGGCACGAAAGCGTGGGGAGCGAACAGG","Bacteria","Bacteroidota","Bacteroidia","Cytophagales","Cyclobacteriaceae",NA,NA,NA
"ACGTGTCAGCCGCGGTAATACGGAGGGGGCGAGCGTTATTCGGATTTACTGGGCGTAAAGGGTGTGTAGGCGGCATAGTAAGTTAGTAGTGAAATCCCAGGGCTTAACCCTGGAACTGCTGCTAAAACTGCTAAGCTAGAGTTAGGTAGAGGGTAGTAGAATTTCTAGTGTAGGGGTGATATCCGTAGATATTAGAAGGAATGCCAGAGGCGAAGGCGACTACCTGGAACTATACTGACGCTGAGGCACGAAAGCGTGGGGAGCAAACAGG","Bacteria",NA,NA,NA,NA,NA,NA,NA
"TACGGAGGGTGCAAGCATTAATCGGATTTATTGGGCGTGAAGAGCGCGTAGGCGGGAAAGAAAGTTAGATGTGAAAGCTCGAAGCTCAACTTCGAAAACGCATCTAAAACTCCTTTTCTAGAGGATGGATGGAGAAAATGGAATTCCACGTGTAGCGGTGAAATGCGTAGATATGTGGAAGAACACCAGTGGCGAAGGCGATTTTCTAATTTATTCCTGACGCTGAGGCGCGAAAGCAAGGGGAGCAAACAGG","Bacteria","Verrucomicrobiota","Chlamydiae","Chlamydiales","Chlamydiaceae",NA,NA,NA
"TACAGAGGTGGCAAGCGTTGTTCGGATTTACTGGGCGTAAAGGGTGCGTAGGCGGCAAGGTATGTCAGATGTGAAAGCTCACGGCTCAACCGTGAAATTGCATCTGAAACTGCTTTGCTAGAGTACTGGAGAGGTAAGTGGAATTCTCGGTGTAGCGGTGAAATGCGTAGATATCGAGAGGAACGCCGGTGGCGAAGGCGACTTACTGGACAGATACTGACGCTGAGGCACGAAAGCTAGGGGAGCGAACAGG","Bacteria","Verrucomicrobiota","Kiritimatiellae",NA,NA,NA,NA,NA
"TACGTAGGTGGCAAGCGTTGTCCGGAATTATTGGGCGTAAAGGGAGCGTAGGTGGTTTGTTAAGTCTGATGTGAAAGCCCGCGGCTCAACCGCGGAGGGTCATTGGAAACTGACAAACTTGAATACAGCAGAGGTAAGTGGAATTTCATGTGTAGCGGTGGAATGCGTAGAGATATGAAGGAACACCAGTGGCGAAGGCGACTTACTGGGCTGTGATTGACACTGATGCTCGACAGCGTGGGGAGCAAATAGG","Bacteria","Firmicutes","Bacilli","Erysipelotrichales","Erysipelotrichaceae","ZOR0006",NA,NA
"TACGGAGGATGCAAGCGTTATCCGGAATCATTGGGTTTAAAGGGTCCGTAGGTGGATTGGTAAGTCAGAGGTGAAAGCCTGCAGCTCAACTGTAGAACTGCCTTTGATACTGCTAGTCTTGAGTCGTTGTGAAGTGGTTAGAATATGTAGTGTAGCGGTGAAATGCATAGATATTACATAGAATACCGATTGCGAAGGCAGATCACTAACAACGTACTGACACTGATGGACGAAAGCGTGGGGAGCGAACAGG","Bacteria","Bacteroidota","Bacteroidia","Flavobacteriales","Flavobacteriaceae",NA,NA,NA
"GACGTAAGTTGCAAGCGTTATCCGGAATTACTGGGCATAAAGGGCATCTAGGCGGTTAAATAAGTCAGAGGTGAAAAGTCAGGGCTCAACCTTGGCCTTGCCTTTGAAACTGTTTAACTAGAGTACGGGAGAGGAGGGCGGAACTACAAGTGTAGGGGTGAAATCCGTAGATATTTGTAGGAATGCCGATGACGAAGGTAGCTCTCTGGACCGAAACTGACGCTGAAGTGCGAAAGCTAGGGTAGCAAACGGG","Bacteria","Fusobacteriota","Fusobacteriia","Fusobacteriales","Leptotrichiaceae",NA,NA,NA
"TACGGGCAGTTCTAGTGGTATCCACGTATATTGGGCTTAAAGCGTCCGTAGCTGGTCCAGAAAGTTTCTAGTGAAAGCTCGCAGCTTAACTGATGAGAGGTGCTAGAAAAACTTTTGGACTTGGAGGCGGGAGAGGTAAGAGGTACTTTTGGGGTAGCGGTTAAATGTGTTAATCCTGAAGGGACCACCGGTAGCGAAGGCGTCTTACTAGAACGCGCTCGACAGTGAGGGACGAAGGCCAGGGGAGCAACCCGG","Archaea","Iainarchaeota","Iainarchaeia","Iainarchaeales",NA,NA,NA,NA
"TTCCAGCTCCAATAGCGTATATTAAAGTTGTTGCAGTTAAAAAGCTCGTAGTTGGATTTGTGGCGTGCGGTGCGCCCCAGGCACTTGTTGTCTGAGTGGCCTGCCGCTGCCATCCTTGGGTGGAACCTGTGTGGCATTAGGTTGTCGTGCAGGGGATGCCCATCTTTTACTGTGAAAAAATTAGAGTGTTCAAAGCAGGCTTATGCCGTTGAATATGTTAGCATGGAATAATGAGATAGGACTTTGTCACTATTTTGTTGGTTTGCGTGACGAGGTAATGATTAATAGGGACAGTTGGGGGTATTCGTATTCCATTGTCAGAGGTGAAATTCTTGGATTTCTGGAAGACGAACTACTGCGAAAGCATTTACCAAGGATGTTTTCATTAATCAAGAACGAAAGTTAGGGGATCGAAGATG","Eukaryota",NA,NA,NA,NA,NA,NA,NA
"TACTGAGGGTGCGAGCGTTAATCGGAATTACTGGGCGTAAAGCGCGCATAGGCGGTTATGTAAGCTAGATGTGAAATCCCCGGGCTTAACCTGGGAACTGCATTTAGAACTGCATGGCTAGAGTTTTGGAGAGGAGAGTAGAATTCCCAGTGTAGCGGTGAAATGCGTAGAGATTGGGAGGAATACCAGTGGCGAAGGCGGCTCTCTGGCCAAAAACTGACGCTGAGGTGCGAAAGCGTGGGGAGCAAACAGG","Bacteria","Proteobacteria","Gammaproteobacteria","Oceanospirillales","Hahellaceae","Hahella",NA,NA
"TACGAGTGCCTCAAGCGTTATCCGGAATTATTGGGCGTAAAGGGTGTGTAGGCGGATTTGTTAGTCTTTTGTTAAAGCTCCCGGCTCAACTGGGAAAAAGCAAAAGAAACGGCAAGTCTAGAGAGTGTGAGGGGTTTGCGGAACTCATGGTGTAGGGGTGAAATCCGTTGATATCATGGGGAACACCAAAAGCGAAGGCAGCAAACTGGCGCACTTCTGACGCTGAGACACGAAAGCGTGGGTAGCGAAGGGG","Bacteria","Patescibacteria","Parcubacteria","Candidatus Nomurabacteria",NA,NA,NA,NA
"TACGAAGGTCCCAAGCGTTGTTCGGAATCACTGGGCGTAAAGCGTGTGTAGGCTGCGCGGAAAGTCAAATGTGAAAGCCCGGGGCTCAACCTCGGAACTGCATTCGATACTCCCGTGCTAGAGTAATGGAGAGGTAAGTGGAATTCTCGGTGTAGCAGTGAAATGCGTAGATATCGAGAGGAACATCAATGGCGAAGGCAACTTACTGGACATTTACTGACGCTGAGACACGAAGGCTAGGGGAGCGAAAGGG","Bacteria","Verrucomicrobiota","Verrucomicrobiae","Verrucomicrobiales","Rubritaleaceae","Roseibacillus",NA,NA
