"","Row.names","Kingdom","Phylum","Class","Order","Family","Genus.x","Genus.y","Species"
"1","AACGTAGGAGGCAAGCGTTATCCGGATTTACTGGGCGTAAAGCGCGGGTAGGCGGCGATCTAAGTCATGCGTGAAAGCTCCCTGGCTCAACCGGGAGAGGTCGTGTGAGACTGGATTGCTTGAGGCAGGTAGAGGCTGACGGAATTCCGGGTGGAGTGGTGAAATGCGTAGAGATCCGGAGGAACACCAGTGGCGAAGGCGGTCAGCTGGGCCTAGCCTGACGCTCAGACGCGAAAGCATGGGGAGCGAACGGG","Bacteria","Chloroflexi","Anaerolineae","SBR1031",NA,NA,NA,NA
"2","AACGTAGGAGGCTAGCGTTATCCGGATTTATTGGGCGTAAAGCGCGTGCAGGCGGTCTGGTAAGTTGGATGTGAAAGCTCCTGGCTTAACTGGGAGAGGTCGTTCAATACTGTCAGACTAGAGAATGGGAGAGGGAGGTGGAATTCCGGGTGTAGTGGTGAAATGCGTAGATATCCGGAGGAACACCAGTGGCGAAAGCGGCCTCCTAGACCACTTCTGACGCTAAGACGCGAAAGCTAGGGTAGCAAACGGG","Bacteria","Chloroflexi","Anaerolineae","Anaerolineales","Anaerolineaceae","Pelolinea",NA,NA
"3","AACGTAGGGGCCGAGCGTTATCCGGATTTACTGGGCGTAAAGAGCATGTAGGCGGTTTTTTAAGTCGGACGTGAAAGCTCTCGGCTCAACTGAGAGAGGCCGTTCGAAACTAGAAGACTTGAGGATGGTAGAGGAGAGTGGAATTCCCGGTGTAGTGGTGAAATGCGTAGATATCGGGAGGAACACCAGTGGCGAAAGCGGCTCTCTGGACCATTCCTGACGCTGAGATGCGAAAGCTAGGGGAGAGAACGGG","Bacteria","Chloroflexi","Anaerolineae","Ardenticatenales",NA,NA,NA,NA
"4","CACCAGCGCCACAAGTGGCAACCGGAATTATTGGGCCTAAAGCGTTCGTAGCCTGTTATGTAAATCTTTTGTGAAATTGTCTAGCTTAACTAGTCAGATTGCAGAAGAGACTGCATAACTTGGGACCGGAAGGGGTTAGGAGTATTTTGGGGGGAGCGGTAAAATGTTATAATCCTCAAAAGACTACCTGTGGCGAAGGCGCCTAACCAGTACGGATCCGACGGTGAGGAACGAAAGCTGGGGGAGCGATCCGG","Archaea","Nanoarchaeota","Nanoarchaeia","Woesearchaeales",NA,NA,NA,NA
"5","CACGAACCGTACGAACGTTATTCGGAATCACTGGGCTTAAAGAGTGCGTAGGCGGCCTGGCAAGTTGGGTGTGAAATCCCTCGGCTCAACCGAGGAATTGCGCTCAAAACTGCTAGGCTTGAGGGAGGTAGAGGTAAGCGGAACTAATGGTGGAGCGGTGAAATGCGTTGATATCATTAGGAACACCTGAGGCGAAAGCAGCTTACTGGGCCTCTTCTGACGCTGAGGCACGAAAGCTAGGGGAGCGAACGGG","Bacteria","Planctomycetota","Planctomycetes","Pirellulales","Pirellulaceae",NA,NA,NA
"6","CACGAACTGCGCAAACGTTATTCGGAATCACTGGGCTTAAAGAGTTCGTAGGCGGCGCGTTAAGTCGGGTGTGAAAGCCCTCGGCTCAACCGAGGAATTGCGCCCGAAACTAGCGTGCTTGAGTGAGATAGAGGTGAGCGGAACTGATGGTGGAGCGGTGAAATGCGTTGATATCATCAGGAACACCGGTGGCGAAAGCGGCTCACTGGGTCTCTACTGACGCTGAGGAACGAAAGCTAGGGTAGCGAACGGG","Bacteria","Planctomycetota","Planctomycetes","Pirellulales","Pirellulaceae","Candidatus Anammoximicrobium",NA,NA
"7","CACGTAAGGGGCGAGCGTTGTTCGGATTTATTGGGCGTAAAGGGCGTGTAGGCGGTTTGGCAAGCCTGATGTGAAATACCCCGGCTTAACCGGGGGGACGCGTTGGGAACTGTCAGACTAGAATGTAAGAGGGGTAGTTGGAATTCCAGGTGTAGGGGTGAAATCTGTAGATATCTGGAAGAACACCGGTGGCGAAGGCGAACTACTGGCTATACATTGACGCTGAGGCGCGAAAGTGTGGGGAGCGAACAGG","Bacteria","Spirochaetota","Spirochaetia","Spirochaetales","Spirochaetaceae","Sediminispirochaeta",NA,NA
"8","CACGTAGGAGGCGAGCGTTATCCGGATTTACTGGGCGTAAAGCGCGTGCAGGCGGTTTGGTAAGTTGGATGTGAAAGCTCCTGGCTTAACTGGGAGAGGTCGTTCAATACTGCCAGACTAGAGGACGGTAGAGGAAGGTAGAATTCCTGGTGTAGTGGTGAAATGCGTAGATATCAGGAGGAATACCAGAGGCGAAGGCGGCCTTCTGGGCCGTTCCTGACGCTAAGACGCGAAAGCGTGGGTAGCAAACGGG","Bacteria","Chloroflexi","Anaerolineae","Anaerolineales","Anaerolineaceae","GWD2-49-16",NA,NA
"9","GACAGAGGGTGCAAACGTTGCTCGGAATTATTGGGCGTAAAGCGCGTGTAGGCGGTTCGCTAAGTCGACTGTGAAAGCCCTCGGCTCAACCGGGGAAGTGCAGTCGATACTGGCAAACTCGAGTCTCGAAGAGGGTGGCGGAATGCGCAGTGTAGAGGTGAAATTCGTAGATATTGCGTAGAACACCGGTGGCGAAGGCGGCCACCTGGGAGATGACTGACGCTGAGACGCGAAAGCGTGGGTAGCAAACAGG","Bacteria","Myxococcota","Myxococcia","Myxococcales","Myxococcaceae","P3OB-42",NA,NA
"10","GACGAACCGTCCAAACGTTATTCGGTATCACTGGGCTTAAAGCGTGCGTAGGCGGCCTAGTAGGTGAGGTGTGAAAGCCCTCGGCTCAACCGAGGAATTGCGCTTCAAACCACTAGGCTTGAGGGAGACAGGGGTGATGGGAACTGTTGGTGGAGCGGTGAAATGCGTTGATATCAACAGGAACACCGGTGGCGAAAGCGCATCACTGGGTCTCTACTGACGCTGAGGCACGAAAGCTAGGGGAGCGAACGGG","Bacteria","Planctomycetota","Planctomycetes","Pirellulales","Pirellulaceae","Rhodopirellula",NA,NA
"11","GACGAACCGTGCGAACGTTGTTCGGAATCACTGGGCTTAAAGGGTGCGTAGGCGGTCAATCAAGTCAGAGGTGAAAGCTTGCAGCTCAACTGTAAAAGGGCCTTTGAAACTGATTGACTCGAGGGAGATAGGGGCAGGTGGAACTTCCAGTGGAGCGGTGAAATGTGTTGATATTGGAAGGAACGCCGGTGGCGAAAGCGACCTGCTGGATCTCTTCTGACGCTGAGGCACGAAAGCTAGGGGAGCAAACGGG","Bacteria","Planctomycetota","Planctomycetes","Gemmatales","Gemmataceae",NA,NA,NA
"12","GACGAAGGGGGCGAGCGTTATCCGGAATGACTGGGCGTAAAGGGTCCGTAGGCAGCATTTTTTGTTAATTGTGAAAGAAAAAAGCCCAACTTTTTTTAGCTTTTAATACGTTAATGCTTTGAGTTTGAGAGGGGATAGCAGAATTTCACATGGAGGGGTGATATCCGTAGATATGTGAAGGAATACCAGAGGCGAAGGCGGCTATCTAGCTCAATACTGACGTTGAGGGACGAAAGCATGGGGAGCAAACAGG","Bacteria","Proteobacteria","Alphaproteobacteria","Rickettsiales","Mitochondria",NA,NA,NA
"13","GACGAAGGGTGCTAGCGTTGTTCGGAATGACTGGGCGTAAAGGGCGCGTAGGCGGTCTTTTAAGTTAGGCGTGAAAGCCCCGGGCTTAACCCGGGACGTGCGCTTAAGACTGGAAGGCTTGAGTATGGAAGAGGTAAGTGGAATTCCTAGTGTAGAGGTGAAATTCGTAGATATTAGGAAGAACACCAGTGGCGAAGGCGGCTTACTGGTCCATTACTGACGCTGAGGCGCGAAAGTGTGGGGAGCAAACAGG","Bacteria","Proteobacteria","Alphaproteobacteria","Holosporales","Holosporaceae","Candidatus Bealeia",NA,NA
"14","GACGAAGGTGGCAAGCGTTGTTCGGAATTACTGGGCATAAAGCGCGCGTAGGTGGCTTGGTATGTCGATGGTGAAATCCTATGGCTCAACCATAGAACTGCCGTTGAAACTGCCTTGCTTGAGTTCAGGAGGGGAGAGTGGAATTCCAAGTGTAGCGGTGAAATGCGTAGATATTTGGAGGAACGCCGGAGGCGAAAGCGACTCTCTGGACTGACACTGACACTGAGGCGCGAAAGCTAGGGGAGCAAACAGG","Bacteria","Planctomycetota",NA,NA,NA,NA,NA,NA
"15","GACGAGGGGTCCTAGCGTTGCTCGGAATCATTGGGCGTAAAGCGGGTGTAGGCGGCTTTGTAAGTCAGAAGTGAAAGCCCTGGGCTCAACCCAGGAAGTGCTTTTGATACTGCTTAGCTTGAGTGTGGTAGAGGTTGGTGGAATTCCTGGTGTAGTGGTGAAATACGTAGATATCAGGAGGAACTCCGGTGGGGAAGCCGGCTGACTGGACCAACACTGACGCTCAGACCCGAAAGCGTGGGGAGCAAACAGG","Bacteria","Bdellovibrionota","Bdellovibrionia","Bdellovibrionales","Bdellovibrionaceae","Bdellovibrio",NA,NA
"16","GACGAGGGTGGCAAGCGTTATCCGGAATTATTGGGCGTAAAGCGTCTGTAGGCGATCTGGAAAGTTTTCTGTGAAATTCCAATGCTCAACATTGGAGCTGCAGAAAATACTGCCAGAATTGAGGAAGATAGAGGTAAGTGGAATTCCCGGTGTAGTAGTGAAATGCGTTAATATCGGGAGGAACACCTATAGCGAAAGCAGCTTACTGGATCTTTCCTGACGCTCAGAGACGAAAGCGTGGGTAGCGAATGGG","Bacteria","Patescibacteria","Parcubacteria","GWA2-38-13b",NA,NA,NA,NA
"17","GACGGAGGATGCAAGTGTTATCCGGAATCACTGGGCGTAAAGCGTCTGTAGGTGGTTAAATAAGTCAACTGTTAAATCTTGAAGCTCAACTTCAAAATCGCAGTCGAAACTATTTGACTAGAGTATAGTAGGGGTAAAGGGAATTTCCAGTGGAGCGGTGAAATGCGTAGATATTGGAAAGAACACCGATGGCGAAGGCACTTTACTGGGCTATTACTGACACTCAGAGACGAAAGCTAGGGTAGCAAATGGG","Bacteria","Cyanobacteria","Cyanobacteriia","Chloroplast",NA,NA,NA,NA
"18","GACGGAGGATGCAAGTGTTATCCGGAATCACTGGGCGTAAAGCGTCTGTAGGTGGTTTAATAAGTCAACTGTTAAATCTTGAGGCTCAACTTCAAAATCGCAGCTGAAACTAGTAGACTAGAGTATAGTAGAGGTAAAGGGAATTTCCAGTGGAGCGGTGAAATGCGTAGATATTGGAAAGAACACCGATGGCGAAAGCACTTTACTGGGCTATTACTAACACTCAGAGACGAAAGCTAGGGTAGCAAATGGG","Bacteria","Cyanobacteria","Cyanobacteriia","Chloroplast",NA,NA,NA,NA
"19","GACGGAGGGGGCAAGCGTTGTTCGGAATTATTGGGCGTAAAGGGCGCGCAGGCGGTGATTCAAGTGTATCGTGAAAGCCCCCGGCTTAACCGGGGAAGTGCGGTGCAAACTGAATAACTAGAGTGTTGGAGGGGGATGCGGAATTCCTGGTGGAGCGGTGGAATGCGTAGAGATCAGGAAGAACGTCAGCGGCGAAGGCGGCATCCTGGCCAGACACTGACGCTGAGGCGCGAGAGCGTGGGGAGCGAACGGG","Bacteria","Modulibacteria","Moduliflexia","Moduliflexales","Moduliflexaceae",NA,NA,NA
"20","GACGGAGGGGGCTAGCGTTGTTCGGAATTACTGGGCGTAAAGGGCGCGTAGGCGGATTAGTAAGTTGGGAGTGAAAGCCCGGGGCTTAACCTCGGAACTGCTTTCAAAACTGCTAGTCTTGAGTGAAGTAGGGGATGATGGAATTCCTAGTGTAGAGGTGAAATTCTTAGATATTAGGAGGAACACCGGTGGCGAAGGCGGTCATCTGGACTTCAACTGACGCTGAGGCGCGAAAGCGTAGGGAGCAAACAGG","Bacteria","Proteobacteria","Alphaproteobacteria","Rickettsiales","Rickettsiaceae","Candidatus Megaira",NA,NA
"21","GACGGAGGGTGCAAACGTTGCTCGGAATCACTGGGCGTAAAGCGCGTGTAGGCGGACGATCAAGCGAGGTGTGAAATCCCTCGGCTCAACCGAGGAAGTGCACTTCGAACTGGTCGTCTCGAATGCGGGAGAGGGAAGTAGAATTCCAGGTGTAGAGGTGAAATTCGTAGATATCTGGAGGAATACCGGTGGCGAAGGCGGCTTCCTGGACCGACATTGACGCTGAGACGCGAAAGCGTGGGGAGCAAACAGG","Bacteria","Myxococcota","Polyangia","PS-B29",NA,NA,NA,NA
"22","GACGGAGGGTGCAAGCGTTGTTCGGAATTACTGGGCGTAAAGCGCGCGTAGGCGGTACGATAAGTCGAATGTGAAAGCCCGGGGCTCAACCTCGGAAGTGCATTCGAAACTGTCGCACTTGAGTACGGGAGAGGGAAGTGGAATTCCTGGTGTAGAGGTGAAATTCGTAGATATCAGGAGGAACACCGGTGGCGAAGGCGGCTTCCTGGACCGATACTGATGCTGAGGCGCGAAAGCGTGGGGAGCAAACAGG","Bacteria","Desulfobacterota","Desulfomonilia","Desulfomonilales","Desulfomonilaceae","Desulfomonile",NA,NA
"23","GTGCCAGCAGCGCGGTCATACGGAGGGTGCAAGCATTAATCGGGATTATTAGGCGTAAAGGGTGCGTAGGCGGCTATGTAAGTCAAATGTGAAATCCTGGGGCTTAACCCCAGGGCTGCATTTGAAACTGCATGACTAGAGGATGGACGGAGGAAGCGGAATTCTACATGTAGCGGTGAAATGCGTGGATATGTAGAAGAACACCGGTGGCGAAAGCGGCTTTCTAGTTTAATCCTGACGCTGAGGCACGATAGCAGGGGGAGCAAACAGG","Bacteria","Verrucomicrobiota","Chlamydiae","Chlamydiales",NA,NA,NA,NA
"24","GTGTCAGCACGCGGTAATACGTAGGGGGCGAACGTTGTTCGGAATCACTGGGCGTAAAGGGTGCGCAGGCTGCTCATCAAGTCAGTTGTGAAATTTCGTGGCTCAACCACGAAGCTGCTGCTGATACTGTTGGGCTAGAGTCATAGATAGAGGTAGCGGGAATTCCTGGTGTAGGAGTGAAATCTGTAGATATCAGGAGGAACACCAAGGGTGAAGACAAGCTACTGGGTAATGACTGACGCTGAGGCACGAAAGCTAGGGGAGCAAATGGG","Bacteria","Spirochaetota","Spirochaetia","Spirochaetales","Spirochaetaceae",NA,NA,NA
"25","GTGTCAGCCGCGCGGTCATACGGAGGGTGCAAGCATTAATCGGGATTATTAGGCGTAAAGGGTGCGTAGGCGGCTATGTAAGTCAAATGTGAAATCCTGGGGCTTAACCCCAGGGCTGCATTTGAAACTGCATGACTAGAGGATGGACGGAGGAAGCGGAATTCTACATGTAGCGGTGAAATGCGTGGATATGTAGAAGAACACCGGTGGCGAAAGCGGCTTTCTAGTTTAATCCTGACGCTGAGGCACGATAGCAGGGGGAGCAAACAGG","Bacteria","Verrucomicrobiota","Chlamydiae","Chlamydiales",NA,NA,NA,NA
"26","TACAGAGACCTCAAGCGTTATCCGGATTTATTGGGCGTAAAGCGCATGTAGGCGGATATGTTAGTCAGATGTCAAATCTTCGAGCTCAACTCGAAAACTGCATTTGAAACGGCATATCTAGAGAGAGCGAGAGATCAATGGAACATATGGTGTAGCAGTGAAATGCGTTGATATCATATGGAACACCAAAGGCGAAGGCATTTGGTTGGCGCTCATCTGACGCTGAGATGCGAAAGCGTGGGTAGCGAATGGG","Bacteria","Patescibacteria","Parcubacteria","Candidatus Moranbacteria",NA,NA,NA,NA
"27","TACAGAGAGTGCAAGCGTTAATCGGAATTACTGGGCGTAAAGCGCATGTAGGTGGATACTTAAGTCGAATGTGAAAGCCCCGGGCTTAACCTGGGAATTGCATCCGATACTGGGTATCTAGAGTATGGTAGAGGGAAGTGGAATTTCCGGTGTAGCGGTGAAATGCGTAGATATCGGAAAGAACACCAGTGGCGAAGGCGGCTTCCTGGACCAATACTGACACTGAGATGCGAAAGCGTGGGGAGCAAACAGG","Bacteria","Proteobacteria","Gammaproteobacteria","Coxiellales","Coxiellaceae","Coxiella",NA,NA
"28","TACAGAGGCCCCGAGCGTTGTTCGGAATTATTGGGCGTAAAGCGGGTGTAGGTGGCTTAGTAAGTCAGATGTGAAAGCCCTGGGCTTAACCCAGGAAGTGCGTCTGATACTGCTAAGCTAGAGTACGGTAGAGGGAATTGGAATTCCAGGTGTAGGGGTGAAATCCGTAGATATCTGGAGGAATACCAATGGCGAAGGCAGATTCCTGGTCCGTAACTGACACTCAGACCCGAAAGCGTGGGTAGCAAACAGG","Bacteria","Bdellovibrionota","Bdellovibrionia","Bdellovibrionales","Bdellovibrionaceae","Bdellovibrio",NA,NA
"29","TACAGAGGGCTCAAGCGTTAATCGGAATCACTGGGCTTAAAGCGAGCGTAGGCGGATCGGTAGGCACGTTGTGAAAGCCCACGGCTCAACCGTGGAATTGCAGCGTGAACCCCCGATCTTGAGGCGAGTAGAGGTAGCCAGAACGATAGGTGGAGCGGTGAAATGCGTAGAGATCTATCGGAATGCCGAAGGTGAAGACAGGCTACTGGGCTCGAACTGACGCTGAGGCTCGAAAGCGTGGGGATCAAACGGG","Bacteria","Planctomycetota","Phycisphaerae","Phycisphaerales","Phycisphaeraceae","CL500-3",NA,NA
"30","TACAGAGGGTGCAAGCGTTAATCGGAATGACTGGGCGTAAAGGGCGCGTAGGTGGTTATTTAAGTTAGATGTGAAATCCCTGGGCTTAACCTAGGAACTGCATTTAATACTGGATGACTAGAGTACAGGAGAGGGCAGTGGAATTTCCGGTGTAGCGGTGAAATGCGTAGATATCGGAAGGAACACCAGTGGCGAAGGCGACTGCCTGGCCTGATACTGACACTGAGGCGCGAAAGCGTGGGTAGCAAACAGG","Bacteria","Proteobacteria","Gammaproteobacteria","Diplorickettsiales","Diplorickettsiaceae",NA,NA,NA
"31","TACAGAGGGTGCAAGCGTTAATCGGAATTACTGGGCGTAAAGCGCGCGTAGGTGGTTTGTTAAGTTGGATGTGAAAGCCCCGGGCTCAACCTGGGAACTGCATCCAAAACTGGCAAGCTAGAGTATGGTAGAGGGTGGTGGAATTTCCTGTGTAGCGGTGAAATGCGTAGATATAGGAAGGAACACCAGTGGCGAAGGCGACCACTTGGACTGATACTGACACTGAGGTGCGAAAGCGTGGGGAGCAAACAGG","Bacteria","Proteobacteria","Gammaproteobacteria","Pseudomonadales","Pseudomonadaceae","Pseudomonas",NA,NA
"32","TACAGAGGGTGCAAGCGTTAATCGGAATTACTGGGCGTAAAGCGCGTGCAGGCGGCTAAATAAGTTGGGTGTGAAAGCCCCGGGCTTAACCTGGGAACTGCATTCAAAACTGTTTAGCTAGAGTAGAGTAGAGGGAAGCGGAATTTCCGGTGTAGCGGTGAAATGCGTAGATATCGGAAGGAACATCAGTGGCGAAGGCGGCTTCCTGGACTCATACTGACGCTAATGCGCGAAAGCGTGGGGAGCAAACAGG","Bacteria","Proteobacteria","Gammaproteobacteria",NA,NA,NA,NA,NA
"33","TACAGAGGGTGCAAGCGTTAATCGGAATTACTGGGCGTAAAGCGTACGTAGGTGGCTTGATAAGTCGGATGTGAAAGCCCCGGGCTTAACCTGGGAATTGCATTCGATACTGTCTAGCTAGAGTACAGTAGAGGAAAGTGGAATTCCACGTGTAGCGGTGAAATGCGTAGATATGTGGAGGAACACCAGTGGCGAAGGCGGCTTTCTGGACTGATACTGACGCTGAGGTACGAAAGCGTGGGGAGCAAACAGG","Bacteria","Proteobacteria","Gammaproteobacteria","Beggiatoales","Beggiatoaceae",NA,NA,NA
"34","TACAGAGGGTGCAAGCGTTAATCGGAATTACTGGGCGTAAAGCGTGCGTAGGCGGCTTAATAAGTCGGATGTGAAAGCCCTGGGCTTAACCTGGGAATTGCATTCGATACTGTTTAGCTAGAGTACAGTAGAGGAAAGTGGAATTCCACGTGTAGCGGTGAAATGCGTAGATATGTGGAGGAACACCAGTGGCGAAGGCGGCTTTCTGGACTGATACTGACGCTGAGGTACGAAAGCGTGGGGAGCAAACAGG","Bacteria","Proteobacteria","Gammaproteobacteria","Beggiatoales","Beggiatoaceae",NA,NA,NA
"35","TACAGAGGGTGCAAGCGTTAATCGGAATTACTGGGCGTAAAGGGTGCGTAGGCGGTCTGATAAGTCGGATGTGAAATCCCTGGGCTTAACCTAGGAATTGCATACGATACTGTCAGACTTGAGTACAGTAGAGGATAGTGGAATTCCACGTGTAGCGGTGAAATGCGTAGATATGTGGAGGAACACCAGTGGCGAAGGCGGCTATCTGGACTGATACTGACGCTGAGGCACGAAAGCGTGGGGAGCAAACAGG","Bacteria","Proteobacteria","Gammaproteobacteria","Beggiatoales","Beggiatoaceae","Beggiatoa",NA,NA
"36","TACAGAGGGTGCAAGCGTTAATCGGAGTTACTGGGCGTAAAGGGCGCGTAGGCGGTGAGATGAGTGTGATGTGAAAGCCCCGGGCTTAACCTGGGAAGTGCATCGCAAACGATCTGACTGGAGTATAAGAGAGGGTGGCGGAATTTCCGGTGTAGCGGTGAAATGCGTAGAGATCGGAAGGAACGTCAATGGCGAAGGCAGCCACCTGGCTTAATACTGACGCTGAGGCGCGAAAGCGTGGGGAGCGAACAGG","Bacteria","Proteobacteria","Gammaproteobacteria","Diplorickettsiales","Diplorickettsiaceae","Aquicella",NA,NA
"37","TACAGAGGGTGCAAGCGTTAATCGGAGTTATTGGGCGTAAAGGGCGCGTAGGTGGACACTTAAGTTGGATGTGAAATCCCCGGGCTTAACCTGGGAATTGCATTCGATACTGGGTGACTAGAGTATGGTAGAGGAAAGTGGAATTCCCGGTGTAGCGGTGAAATGCGTAGATATCGGGAGGAACATCAGGGCGAAGGCGACTTTCTGGACCAATACTGACACTGAGGCGCGAGAGCGTGGGGAGCAAACAGG","Bacteria","Proteobacteria","Gammaproteobacteria","Coxiellales","Coxiellaceae","Coxiella",NA,NA
"38","TACAGAGGGTGCAAGCGTTAATCGGATTTACTGGGCGTAAAGTGTGCGTAGGTTGTTTAGTAAGTTGGATGTGAAATCTCTGGGCTTAACTCGGAAACTGCATTCAATACTGCTTTACTAGAGTACGATAGAGGGTGATGGAATTTCCTGTGTAGGGGTGGAATGCTTAGATATAGGAAGGAACACCAGTGGCGAAGGCGATCACCTGGGTCGATACTGACATTGAGGCACGAGAGCGTGGGTAGCAAACAGG","Bacteria","Proteobacteria","Gammaproteobacteria",NA,NA,NA,NA,NA
"39","TACAGAGGGTGCGAGCGTTAATCGGAATTACTGGGCGTAAAGCGTGCGTAGGCGGTTAATTAAGTCGGATGTGAAAGCCCTGGGCTTAACCTGGGAACTGCATTCGATACTGGTTGACTAGAGTACAGGAGAGGATAGTGGAATTCCATGTGTAGCGGTGAAATGCGTAGATATATGGAGGAACACCAGTGGCGAAGGCGACTGTCTGGTCTGATACTGACGCTGAGGTACGAAAGCGTGGGGAGCAAACAGG","Bacteria","Proteobacteria","Gammaproteobacteria","Beggiatoales","Beggiatoaceae",NA,NA,NA
"40","TACAGAGGGTGCGAGCGTTAATCGGAGTTACTGGGTGTAAAGGGCGCGTAGGCGGCATGATGTGTGTGATGTGAAAGCCCCGGGCTTAACCTGGGAAGTGCATTGCAAACTATCGAGCTAGAGTATGTGAGAGGGTGGCGGAATTTCCGGTGTAGCGGTGAAATGCGTAGAGATCGGAAGGAACGTCAATGGCGAAGGCAGCCACCTGGCACAATACTGACGCTGAGGCGCGAAAGCGTGGGGAGCGAACAGG","Bacteria","Proteobacteria","Gammaproteobacteria","Diplorickettsiales","Diplorickettsiaceae","Aquicella",NA,NA
"41","TACAGAGGTCTCAAGCGTTGTTCGGATTCATTGGGCGTAAAGGGTGCGTAGGTGGCGACGTAAGTCGGGTGTGAAATCTCCAAGCTTAACTTGGAAACTGCACTCGATACTGCGTCGCTCGAGGACTGTAGAGGGCATTGGAATTCACGGTGTAGCAGTGAAATGCGTAGATATCGTGAGGAAGACCAGTGGCGAAGGCGAATGCCTGGGCAGTTCCTGACACTGAGGCACGAAGGCCAGGGGAGCAAACGGG","Bacteria","Verrucomicrobiota","Verrucomicrobiae","Chthoniobacterales","Chthoniobacteraceae","LD29",NA,NA
"42","TACAGAGGTGGCAAGTGTTGTTCGGATTTACTGGGCGTAAAGGGTTCGCAGGCGGCTTTGTGTGTCAGATGTGAAAGCCCACGGCTCAACCGTGGAAATGCATTTGAAACTACAGGGCTAGAGTACGGGAGAGGAGAGGGGAATTCATGGTGTAGCGGTGAAATGCGTAGATATCATGAAGAACACCGGTGGCGAAAGCGCCTCTCTGGACCGATACTGACGCTCATGAACGAAAGCCAGGGGAGCAAAGAGG","Bacteria","Verrucomicrobiota","Kiritimatiellae","Kiritimatiellales","Kiritimatiellaceae","MSBL3",NA,NA
"43","TACCGGCAGTTCTAGTTGCAACCAACATTATTGGGTCTAAAACATCCGTAGCTTGTTTTGTAAGTTTTTTGTGAAATCTCATGTCTCAAGCATGAGGCGCGCAGAAAATACTGCAAGGCTAGAGATCGGTAGGTGTAAGAAGTACGCCGGAGGTAGTGGTAAAATACGTTAATCTTCGGTGGACTCACAATTAGCGAAGGCATCTTACAAGGACGAGTCTGACAGTGAGGGATGAAGGCCAGGGGCGCAAAACGG","Archaea","Nanoarchaeota","Nanoarchaeia","Woesearchaeales",NA,NA,NA,NA
"44","TACGAACCGTACGAACGTTATTCGGAATCACTGGGCTTAAAGCGTGCGTAGGCGGCTTGGAAAGTTGGGTGTGAAATCCCTCGGCTCAACCGAGGAATTGCGCCCAAAACTACCAAGCTTGAGGGAGGTAGAGGTAAGCGGAACTAATGGTGGAGCGGTGAAATGCGTTGATATCATTAGGAACACCTGTGGCGAAAGCAGCTTACTGGGCCTCTTCTGACGCTGAGGCACGAAAGCTAGGGGAGCGAACGGG","Bacteria","Planctomycetota","Planctomycetes","Pirellulales","Pirellulaceae",NA,NA,NA
"45","TACGAACTGTGCGAACGTTATTCGGAATCACTGGGCTTAAAGGGTGCGTAGGCGGTCTTGTAGGTCAGATGTGAAAGCCCACGGCTCAACCGTGGAATTGCGTTTGAAACCACAAGACTTGAGGGGATCAGAGGAGAGCGGAACTGATGGTGGAGCGGTGAAATGCGTTGATATCATCAGGAACACCGGTGGCGAAAGCGGCTCTCTGGGATCTTTCTGACGCTGAGGCACGAAAGCTAGGGGAGCGAACGGG","Bacteria","Planctomycetota","Planctomycetes","Pirellulales","Pirellulaceae","Blastopirellula",NA,NA
"46","TACGAAGGGAGCAAGCGTTGTTCGGAATTACTGGGCGTAAAGGGTGTGTAGGCGGTTCGATTAGTCAGATGTGAAAGCCCCGGGCTCAACCCGGGAACTGCGTTTGATACTGTCGAGCTTGAATTCGGTAGAGGTGAGTGGAATTCCCAGTGTAGAGGTGAAATTCGTAGATATTGGGAAGAACACCGGTGGCGAAGGCGGCTCACTGGACCGACATTGACGCTGAAACACGAAAGCGTGGGGAGCAAACAGG","Bacteria","Proteobacteria","Alphaproteobacteria","Rhodospirillales",NA,NA,NA,NA
"47","TACGAAGGGAGCGAGCGTTGTTCGGAATTACTGGGCGTAAAGGGCATGTAGGCGGATAGTAAAGATAGGGGTGAAATCCCGGGGCTCAACCTCGGAACTGCCTTTATAACTTATTATCTAGAGTACTGAAGAGGATAGCGGAATACCCAGTGTAGAGGTGAAATTCGTAGATATTGGGTAGAACACCGGTGGCGAAGGCGGCTATCTGGGCAGTAACTGACGCTGAAATGCGAAAGTGTGGGGAGCAAACAGG","Bacteria","Proteobacteria","Alphaproteobacteria","Rhodospirillales","Terasakiellaceae",NA,NA,NA
"48","TACGAAGGGAGCTAGCGTTGTTCGGAATTACTGGGCGTAAAGGGCGCGTAGGCGGCCTTGTAAGTCAGATGTGAAATCCCCGGGCTTAACCTGGGAACTGCATTTGATACTGCAAGGCTAGAGAATGAGAGAGGAAAGTGAAATTACGAGTGTAGAGGTGAAATTCGTAGATATTCGTAAGAACATCAGTGGCGAAGGCGGCTTTCTGGCTCATTACTGACGCTAAGGCGCGAAAGCGTGGGGAGCAAACAGG","Bacteria","Proteobacteria","Alphaproteobacteria","Paracaedibacterales","Paracaedibacteraceae","Candidatus Paracaedibacter",NA,NA
"49","TACGAAGGGAGCTAGCGTTGTTCGGAATTACTGGGCGTAAAGGGCGCGTAGGCGGTAAAATCAGTCAGGTGTGAAATCCCGGGGCTCAACCTCGGAACTGCGCTTGATACTGTTTTACTAGAATTCGGTAGAGGTGAGTGGAATTCCCAGTGTAGAGGTGAAATTCGTAGATATTGGGAAGAACACCGGTGGCGAAGGCGGCTCACTGGACCGACATTGACGCTGAGGCGCGAAAGCGTGGGGAGCAAACAGG","Bacteria","Proteobacteria","Alphaproteobacteria",NA,NA,NA,NA,NA
"50","TACGAAGGGGGCAAGCGTTATCCAAAATGATTGGGCGTAAAGGGTTCGTAGGCTGTTTTTGTTGTTATATATAAAATATTAGGTTTATTGCTTAATCATGTATATAATACTCTTTAACTTGAGTAAAATAGAGGATAATAGAATTTTATACGGAGGAGTAAAATCTTAAGATTTATGAAGGAATGTCAGTGGCAAAGGCGATTATCTGGATTTTTACTGACGCTGAGGAACGAAAGCTTGGGGAGCAAACAGG","Bacteria","Proteobacteria","Alphaproteobacteria","Rickettsiales","Mitochondria",NA,NA,NA
"51","TACGAAGGGGGCGAGCGTTATTCGGAATCACTGGGCGTAAAGCGTGCGTAGGCTGTTTTGTAAGTCAGAAGTGAAAGCCCAGGGCTCAACCCTGGAATTGCTTTTGAAACTACGAGACTTGAATTCGGGAGAGGATAGCGGAATTGTCAGTGTAGCAGTGAAATGCGTAGATATTGACAGGAACACCAGTGGCGAAAGCGGCTATCTGGACCGACATTGACGCTGAGGCACGAAAGCGTGGGGAGCAAACAGG","Bacteria","Proteobacteria","Alphaproteobacteria","Rhodospirillales",NA,NA,NA,NA
"52","TACGAAGGGGGCTAGCGTTGTTCGGAATCACTGGGCGTAAAGCGCACGTAGGCGGATTGGTCAGTTGGGGGTGAAATCCCGGGGCTCAACCTCGGAACTGCCTTCAATACTGCCACTCTCGAGTCCGGAAGAGGTGAGTGGAATTCCTAGTGTAGAGGTGAAATTCGTAGATATTAGGAAGAACACCAGTGGCGAAGGCGGCTCACTGGTCCGGTACTGACGCTGAGGTGCGAAAGCGTGGGGAGCAAACAGG","Bacteria","Proteobacteria","Alphaproteobacteria","Rhizobiales","Hyphomicrobiaceae","Filomicrobium",NA,NA
"53","TACGAAGGGGGCTAGCGTTGTTCGGAATTACTGGGCGTAAAGCGCACGTAGGCGGATTTGTAAGTTAGGGGTGAAATCCCGGGGCTCAACCTCGGAACTGCCTTTGATACTGCAAGTCTTGAGTCCGGAAGAGGTGAGTGGAATTCCTAGTGTAGAGGTGAAATTCGTAGATATTAGGAAGAACACCAGTGGCGAAGGCGGCTCACTGGTCCGGTACTGACGCTGAGGTGCGAAAGCGTGGGGAGCAAACAGG","Bacteria","Proteobacteria","Alphaproteobacteria","Rhizobiales","Hyphomicrobiaceae","Hyphomicrobium",NA,NA
"54","TACGAAGGGGGCTAGCGTTGTTCGGATTTACTGGGCGTAAAGCGCACGTAGGCGGATTGATAAGTTAGAGGTGAAATCCCAGAGCTCAACTCTGGAACTGCCTTTAATACTGTCAATCTCGAGTCCGGAAGAGGTGAGTGGAACTCCTAGTGTAGAGGTGGAATTCGTAGATATTAGGAAGAACACCAGTGGCGAAGGCGGCTCACTGGTCCGGTACTGACGCTGAGGTGCGAAAGCGTGGGGAGCAAACAGG","Bacteria","Proteobacteria","Alphaproteobacteria","Rhizobiales","Devosiaceae",NA,NA,NA
"55","TACGAAGGGTGCAAGCGTTACTCGGAATTACTGGGCGTAAAGCGTGCGTAGGTGGTTTGTTAAGTCTGATGTGAAAGCCCTGGGCTCAACCTGGGAACTGCATTGGATACTGGCAAGCTAGAGTGCGGTAGAGGGTGGTGGAATTCCCGGTGTAGCAGTGAAATGCGTAGAGATCGGGAGGAACATCTGTGGCGAAGGCGACCGCCTGGACCAGCACTGACACTGAGGCACGAAAGCGTGGGGAGCAAACAGG","Bacteria","Proteobacteria","Gammaproteobacteria","Xanthomonadales","Xanthomonadaceae","Lysobacter",NA,NA
"56","TACGAAGGGTGCAAGCGTTATTCGGATTTATTGGGCGTAAAGGGTGCGTAGACGGTTTGTTAAGTCCGCTGTTAAATTTTCCGGCCTAACCGGAAAACTGCAGTAGAAACTGGCGAGCTAGAGGTTGGAAGAGAGAAGTGGAATTCTCGGAGTAGCGGTAAAATGCGTAGATCTCGAGAGGAACACCAATGGCGAAGGCAGCTTCTTGGTCCATACCTGACGTTGAAGCACGAAAGCGTGGGGAGCAAACAGG","Bacteria","Dependentiae","Babeliae","Babeliales","Vermiphilaceae",NA,NA,NA
"57","TACGAAGGGTGCAAGCGTTGTTCGGAATTATTGGGCGTAAAGCGCGCGTAGGCGGGTTGGTAAGTCGATTGTGAAAGCCCTGGGCTTAACCTGGGAACTGCAGTCGAAACTACCGATCTTGAGTGCCTGAGAGGATGGCGGAATTCCCGGTGTAGTAGTGAAATACGTAGATATCGGGAGGAACACCTGAAGCGAAGGCGGCTATCTGGCGGTGCACTGACGCTGAGGCGCGAAAGCGTGGGGAGCAAACAGG","Bacteria","Bdellovibrionota","Oligoflexia","Oligoflexales",NA,NA,NA,NA
"58","TACGAAGGGTGCAAGCGTTGTTCGGATTTACTGGGCGTAAAGCGCGCGCAGGCGGATTTTTAAGTCAGGTGTGAAATCTCGGGGCTCAACTCCGAACGTGCGCCTGAAACTAATAATCTAGAGTGTTGGAGGGGGAAGTGGAATATCGCATGTAGGGGTAAAATCCGTAGATATGCGATGGAACACCAGAGGCGAAGGCGACTTCCTGGACAACAACTGACGCTGAGGCGCGAAAGCGTGGGGAGCAAACAGG","Bacteria","Bdellovibrionota","Bdellovibrionia","Bacteriovoracales","Bacteriovoracaceae","Peredibacter",NA,NA
"59","TACGAAGGGTGCTAGCGTTGTTCGGAATTACTGGGCGTAAAGCGCGTGTAGGCGGCTGTGCAAGTCAGAGGTGAAAGCCCGGAGCTCAACTCCGGAATTGCCTTTGAAACTGCACAGCTAGAGTACTGGAGGGGAGTGCGGAATTGCTAATGTAGAGGTGAAATTCGTAGATATTAGCAGGAACACCGGTGGCGAAGGCGGCACTCTGGACAGTTACTGACGCTGAAGCGCGAAAGCGTGGGGAGCAAACAGG","Bacteria","Proteobacteria","Alphaproteobacteria","Rickettsiales","SM2D12",NA,NA,NA
"60","TACGAAGGTCCCAAGCGTTGTTCGGAATCACTGGGCGTAAAGGGAGCGTAGGCGGCGTGGTAAGTCAGATGTGAAATCCTGGGGCTCAACTCCAGAACCGCATCCGATACTGCCATGCTAGAGTAGTGGAGGGGCATCTGGAATTCACGGTGTAGCAGTGAAATGCGTAGATATCGTGAGGAACACTAGTGGCGAAGGCGAGATGCTGGACACTTACTGACGCTGAGGCTCGAAGGCTAGGGTAGCGAAAGGG","Bacteria","Verrucomicrobiota","Verrucomicrobiae","Verrucomicrobiales","DEV007",NA,NA,NA
"61","TACGAAGGTGGCAAGCGTTGTTCGGAATCACTGGGCATAAAGCGCGTGTAGGCGGCTCTGCAAGTCGGGTGTGAAATCCCTCAGCTCAACTGAGGAACTGCGCCCGAAACTGCATTGCTTGAGGCCTGGAGGGGAGAGTGGAATTCCCGGTGGAGCGGTGAAATGCGTAGATATCGGGAGGAACGCCGGCGGCGAAAGCGACTCTCTGGACAGGTTCTGACGCTGAGACGCGAAAGCTAGGGGAGCAAACGGG","Bacteria","Planctomycetota","Pla4 lineage",NA,NA,NA,NA,NA
"62","TACGAGAGGCCCGAGCGTTATTCGGAATCACTGGGCTTAAAGGGTGCGTAGGCGGCTATGTAGGCGTCCTGTGAAATCCCACGGCTCAACCGTGGAATTGCGGGGCGAACCACATAGCTTGAACCTGGTAGGGCTGTCGGAACGATCGGTGGAGCGGTGAAATGCGTAGATATCGATCGGAACGCCGAAGGTGAAGACGGGCAGCTGGGCCAGAGTTGACGCTGAGGCACGAAAGCGTGGGGATCAAACAGG","Bacteria","Planctomycetota","Phycisphaerae","Phycisphaerales","Phycisphaeraceae","SM1A02",NA,NA
"63","TACGAGAGGTGCAAGCGTTATTCGGAATTATTGGGCGTAAAGGGCGCGTAGGCGGTATTATAAGTTTTTCGTTTAATTCTTTGGCCTAACTAAAGGCAAGCGGAAAATACTGTAATGCTAGAGTATAATAGAGAGAAGTGGAATTTTCGGAGTAGCGGTTAAATGCGTAGATCTCGAAAGGAACGCCAATGGCGAAGGCAGCTTCTTGGGTTATTACTGACGCTGAGGCGCGAAAGCATGGGGAGCAAACAGG","Bacteria","Dependentiae","Babeliae","Babeliales",NA,NA,NA,NA
"64","TACGAGGGGTGCAAGCGTTAATCGGAATTACTGGGCGTAAAGCGTACGTAGGTGGTTTGCTAAGCTAGCCGTGAAATCCCCGGGCTCAACCTGGGAATTGCGGTTAGAACTGGCAGGCTAGAGTAGGGTAGAGGGGTGTGGAATTCCAGGTGTAGCGGTGAAATGCGTAGATATCTGGAGGAACATCAGTGGCGAAGGCGACACCCTGGACTCATACTGACACTGAGGTACGAAAGCGTGGGGAGCAAACAGG","Bacteria","Proteobacteria","Gammaproteobacteria","Cellvibrionales","Cellvibrionaceae","Cellvibrio",NA,NA
"65","TACGGAGGATCCAAGCGTTATCCGGATTTACTGGGTTTAAAGGGTGCGTAGGCGGATTAATAAGTCAGTGGTGAAAGCCCGCAGCTCAACTGCGGAACTGCCATTGATACTGTTAGTCTGGAGTTTGGTTGAGGTAGCTGGAATGTGTCATGTAGCGGTGAAATGCTTAGAGATGACACAGAACACCGATTGCGAAGGCAGGTTACCAAGCCAATACTGACGCTGAGGCACGAAAGCGTGGGGATCAAACAGG","Bacteria","Bacteroidota","Bacteroidia","Bacteroidales","Rs-E47 termite group","GWE2-42-42",NA,NA
"66","TACGGAGGATCCGAGCGTTATCCGGATTTATTGGGTTTAAAGGGTGCGCAGGCGGACTGGTAAGTCAGGGGTGAAAATCTACGGCTCAACTGTAGACGTGCCTTTGATACTGCCAGACTAGAGTTAAGATGGAGTGGGCGGAATGTGTTGTGTAGCGGTGAAATGCTTAGATATAACACAGAACACCGATCGCGAAGGCAGCTCACTAAACTTTGACTGACGCTCATGCACGAAAGCGTGGGGATCAAACAGG","Bacteria","Bacteroidota","Bacteroidia","Sphingobacteriales","Lentimicrobiaceae","Lentimicrobium",NA,NA
"67","TACGGAGGATGCAAGCGTTATCCGGAATCATTGGGTTTAAAGGGTCCGTAGGCGGACAATTAAGTCAGAGGTGAAATTCTGCGGCTCAACCGTAGAACTGCCTTTGAAACTGGTTGTCTTGAATCGTTGTGAAGTGGTTAGAATGAGCAGTGTAGCGGTGAAATGCTTAGAGATTGCTCAGAATACCGATTGCGAAGGCAGATCACTAACAACGTATTGACGCTGAGGGACGAAAGCGTGGGGAGCGAACAGG","Bacteria","Bacteroidota","Bacteroidia","Flavobacteriales","Flavobacteriaceae",NA,NA,NA
"68","TACGGAGGATGCAAGCGTTATCCGGATTCATTGGGTTTAAAGGGTGCGCAGGCGGGCTTGTAAGTCAGTGGTGAAATGCTGCCGCTTAACGGTAGAACTGCCATTGATACTGCAAGTCTTGAATATGGTTGAGGTAGGCGGAATGTGTTGTGTAGCGGTGAAATGCATAGATATGACACAGAACGCCGATTGCGAAGGCAGCTTACTAAGCCATAATTGACGCTGAGGCACGAAAGCGTGGGGAGCGAACAGG","Bacteria","Bacteroidota","Bacteroidia","Bacteroidales","Prolixibacteraceae","Draconibacterium",NA,NA
"69","TACGGAGGATGCAAGCGTTATCCGGATTCATTGGGTTTAAAGGGTGCGTAGGCGGAATGATAAGTTAGTGGTGAAAGCCCCCGGCTTAACCGGGGAACTGCCATTAATACTGTCATTCTTGAGTATAGTTGAAGTGGGCGGAATGTATCATGTAGCGGTGAAATGCTTAGATATGATACAGAACACCGATAGCGTAGGCAGCTTGCTAAGCTATAACTGACGCTCAGGCACGAAAGCGTGGGGAGCAAACAGG","Bacteria","Bacteroidota","Bacteroidia","Sphingobacteriales","Lentimicrobiaceae",NA,NA,NA
"70","TACGGAGGATGCAAGCGTTATCCGGATTTATTGGGTTTAAAGGGTCCGTAGGCGGGTCTTTAAGTCAGTGGTGAAAGCCTGCAGCTCAACTGCAGAACTGCCATTGATACTGGAGGTCTTGAGTATAATTGAAGTGGGCGGAATACGTCATGTAGCGGTGAAATGCATAGATATGACGTAGAACACCGATTGCGAAGGCAGCTCACTAAGTTATAACTGACGCTGAGGGACGAAAGCGTGGGGAGCAAACAGG","Bacteria","Bacteroidota","Bacteroidia","Flavobacteriales","Cryomorphaceae",NA,NA,NA
"71","TACGGAGGATGCAAGTGTTATCCGGATTTATTGGGTTTAAAGGGTGCGTAGGTGGTCTGGTAAGTCAGAGGTGAAAGACGGTGGCTCAACCATCGCAGTGCCCTTGATACTATTGGACTAGATTACATTGGAAGTAGGCGGAATGTGCGGTGTAGCGGTGAAATGCGTAGATATCGCACGGAACACCAATAGCGAAAGCAGCTTACTATACTGTTAATGACACTGAGGCACGAAAGCGTGGGTAGCAAATAGG","Bacteria","Bacteroidota","Bacteroidia",NA,NA,NA,NA,NA
"72","TACGGAGGATGCGAGCGTTATCCGGATTTATTAGGTTTAAAGGGTGTGTAGGCGGAAACTTAAGTCAGTGGTGAAATCCCCCGGCTCAACCGGGGAACTGCCATAGATACTGGGTTTCTTGAGTACAGTTGAAGTAGGCGGAATGTGTAATGTAGCGGTGAAATGCATAGATATTACACAGAACACCGATTGCGAAGGCAGCTTGCTAAGCTGTTACTGACGCTGATGCACGAAAGCGTGGGTAGCGAACAGG","Bacteria","Bacteroidota","Bacteroidia","Bacteroidales","Bacteroidetes BD2-2",NA,NA,NA
"73","TACGGAGGGAGCAAGCGTTACTCGGAATCACTGGGCGTAAAGGGCGCGTAGGCCGGTTGTCAAGTCAGGTGTGAAATCCTACAGCTTAACTGTAGAACTGCACTTGAAACTGTCAACCTAGAGTATGGAAGGGGCAGATGGAATTAGTGGTGTAGGGGTAAAATCCGTAGATATCACTAGGAATACCGAAAGCGAAGGCGATCTGCTGGGACATTACTGACGCTGAGGCGCGAAAGCGTGGGGAGCAAACAGG","Bacteria","Campilobacterota","Campylobacteria","Campylobacterales","Sulfurimonadaceae","Sulfurimonas",NA,NA
"74","TACGGAGGGAGCTAGCGTTGTTCGGAATTACTGGGCGTAAAGCGCGCGTAGGCGGCGATCCAAGTCAGGGGTGAAATCCCGGGGCTCAACCCCGGAACTGCCTCTGAAACTAGATTGCTAGAATCCTGGAGAGGCGAGTGGAATTCCGAGTGTAGAGGTGAAATTCGTAGATATTCGGAAGAACACCAGTGGCGAAGGCGACTCGCTGGACAGGTATTGACGCTGAGGTGCGAAAGCGTGGGGAGCAAACAGG","Bacteria","Proteobacteria","Alphaproteobacteria","Sphingomonadales","Sphingomonadaceae","Altererythrobacter",NA,NA
"75","TACGGAGGGCGCAAGCGTTACTCGGAATCACTGGGCGTAAAGAGCGTGTAGGCGGATTAATAAGTCAGAAGTGAAATCCAATAGCTTAACTATTGAACTGCTTTTGAAACTGTTGATCTAGAGTGTGGGAGAGGTAGATGGAATTTCTGGTGTAGGGGTAAAATCCGTAGATATCAGAAGGAATACCGATTGCGAAGGCGATCTACTGGAACATAACTGACGCTGAGACGCGAAAGCGTGGGGAGCAAACAGG","Bacteria","Campilobacterota","Campylobacteria","Campylobacterales","Arcobacteraceae",NA,NA,NA
"76","TACGGAGGGGGCAAGCGTTATTCGGATTTATTGGGCGTAAAGGGCGCGCAGGCGGATTGGCAAGTCCAGCGTGAAATCTCCACTGCTTACCAGGGAGGCTGCGTTGGAAACTGCTGATCTTGAGGGCTGGAGAGGCCGACGGAATTCCCGGTGTAGCGGTGGAATGCGTAGATATCGGGAAGAACACCAGTGGCGAAGGCGGTCGGCTGGACAGTCCCTGACGCTGAGGCGCGAAAGTGTGGGGAGCGAACAGG","Bacteria",NA,NA,NA,NA,NA,NA,NA
"77","TACGGAGGGGGCAAGCGTTGTTCGGAGTCACTGGGCGTAAAGAGCTCGTAGGTGGCATTGTAAGTCGGGAGTTAAAGGCACCAGCTCAACTGGTGTAAGGCTTCCGAAACTATGATGCTAGAGTGCCGGAGAGGTATGCGGAATTCCCTGTGTAGCGGTGGAATGCGTAGATATAGGGAGGAACACCAGTAGCGAAGGCGGCATACTGGCCGGTAACTGACACTGAGGAGCGAAAGCGTGGGTAGCAAACAGG","Bacteria","Deferribacterota","Deferribacteres","Deferribacterales","Deferribacteraceae","Geovibrio",NA,NA
"78","TACGGAGGGGGCGAGCGTTAATCGGAATTACTGGGCGTAAAGCGCGCGTAGGCGGTTTGGTAAGTCGGATGTGAAAGCCCTGGGCTTAACCTGGGAATGGCACTCGATACTGCCTGACTAGAATGTGGAAGAGGGAAGTGGAATTTCCGGTGTAGCGGTGAAATGCGTAGATATCGGAAGGAACACCAGTGGCGAAGGCGGCTTCCTGGTCCAACATTGACGCTGAGGTGCGAAAGCGTGGGTAGCGAACAGG","Bacteria","Proteobacteria","Gammaproteobacteria",NA,NA,NA,NA,NA
"79","TACGGAGGGGGCTAGCGTTGTTCGGAATTACTGGGCGTAAAGCGCACGTAGGCGGCTAGGAAAGTCAGAGGTGAAAGCCCAGGGCTCAACCCTGGAATTGCCTTTGAAACTATCTAGCTAGAGTTCGGGAGAGGTGAGTGGAATTCCGAGTGTAGAGGTGAAATTCGTAGATATTCGGAGGAACACCAGAGGCGAAGGCGACTCACTGGACCGATACTGACGCTGAGGTGCGAAAGCGTGGGGAGCAAACAGG","Bacteria","Proteobacteria","Alphaproteobacteria","Caulobacterales","Hyphomonadaceae","Hyphobacterium",NA,NA
"80","TACGGAGGGGGCTAGCGTTGTTCGGAATTACTGGGCGTAAAGCGCACGTAGGCGGCTTGGTAAGTTAGGGGTGAAAGCCCGGGGCCCAACCCCGGAATTGCCTTTAATACTGCCAAGCTAGAGTTCGGTAGAGGAGAGTGGAATTTCCAGTGTAGAGGTGAAATTCGTAGATATTGGAAAGAACACCAGTGGCGAAGGCGGCTCTCTGGCCCGATACTGACGCTGAGGTGCGAAAGCGTGGGGAGCAAACAGG","Bacteria","Proteobacteria","Alphaproteobacteria",NA,NA,NA,NA,NA
"81","TACGGAGGGGGCTAGCGTTGTTCGGAATTACTGGGCGTAAAGCGCACGTAGGCGGGCTGTTAAGTCGGGGGTGAAATCCCGGGGCTCAACCCCGGAACTGCCTTCGATACTGGCAGCCTAGAGGTCGAGAGAGGTGAGCGGAATTCCGAGTGTAGAGGTGAAATTCGTAGATATTCGGAGGAACACCAGTGGCGAAGGCGGCTCACTGGCTCGATACTGACGCTGAGGTGCGAAAGCGTGGGGAGCAAACAGG","Bacteria","Proteobacteria","Alphaproteobacteria","Rhodobacterales","Rhodobacteraceae","Limibaculum",NA,NA
"82","TACGGAGGGGGCTAGCGTTGTTCGGAATTACTGGGCGTAAAGCGTGCGTAGGCGGTTTATCAAGTTGGGTGTGAAATCCTGGGGCTTAACCTCAGAATTGCATTCAAGACTGGTAGGCTAGAGTCCGAGAGGGGATGGTGGAATTCCTAGTGTAGAGGTGAAATTCGTAGATATTAGGAGGAACACCGGTGGCGAAGGCGACCATCTGGCTCGGAACTGACGCTGAGGCACGAAAGCGTGGGTAGCAAACAGG","Bacteria","Proteobacteria","Alphaproteobacteria","Rickettsiales",NA,NA,NA,NA
"83","TACGGAGGGGGTTAGCGTTGTTCGGAATTACTGGGCGTAAAGCGTACGTAGGCGGATTAGAAAGTAGGGGGTGAAATCCCAGGGCTCAACCCTGGAACTGCCTCCTAAACTACTAGTCTAGAGTTCGAGAGAGGTGAGTGGAATTCCAAGTGTAGAGGTGAAATTCGTAGATATTTGGAGGAACACCAGTGGCGAAGGCGGCTCACTGGCTCGATACTGACGCTGAGGTACGAAAGTGTGGGGAGCAAACAGG","Bacteria","Proteobacteria","Alphaproteobacteria","Rhodobacterales","Rhodobacteraceae","Yoonia-Loktanella",NA,NA
"84","TACGGAGGGGGTTAGTGTTATTCGTGATTATTGGGTGTAAAGTGTATATAGGCGGTTCTTTCAGTTAAATTATAAACCTTAGAGCCTAACTTTATGAAATAATTTAAAACAGAAGAACTTGAGTATAAAAGAAGATAATAGTATTTCTAATGTAAGGTTGAAATCTTTAAATATTAGAAAGACTGACGCTCTGTGAAAACAATTATCTATATTAATACTGACGCTGAACTACGAAAGCATGGGGATCAAACGGG","Bacteria","Proteobacteria","Alphaproteobacteria","Rickettsiales","Mitochondria",NA,NA,NA
"85","TACGGAGGGTCCAAGCGTTATCCGGAATCATTGGGTTTAAAGGGTTCGCAGGCGGTTTAATAAGTCAGTGGTGAAATCTTCTCGCTCAACGAGGAAACTGCCATTGATACTGTTAGACTTGAATACAGTTGGAGTAGGCGGAATGTGTAGTGTAGCGGTGAAATGCTTAGATATTACACAGAACACCGATAGCGAAGGCAGCTTACTAAACTGTGATTGACGCTCATGAACGAAAGCGTGGGGAGCGAACAGG","Bacteria","Bacteroidota","Bacteroidia","Flavobacteriales","Crocinitomicaceae","Crocinitomix",NA,NA
"86","TACGGAGGGTCCAAGCGTTATCCGGATTTATTGGGTTTAAAGGGTCCGCAGGCGGAAAAATAAGTCAGTGGTGAAATCCTATCGCTTAACGATAGAACTGCCATTGATACTGTTTTTCTTGAGTATACTTGAAGTGGGCGGAATGTGTCATGTAGCGGTGAAATGCATAGATATGACACAGAACACCGATTGCGAAGGCAGCTCACTAAATTATAACTGACGCTCATGGACGAAAGCGTGGGGAGCAAACAGG","Bacteria","Bacteroidota","Bacteroidia","Flavobacteriales","Cryomorphaceae","Vicingus",NA,NA
"87","TACGGAGGGTCCAAGCGTTGTCCGGATTTATTGGGTTTAAAGGGTACGTAGGCGGGACTTTAAGTCAGCGGTGAAAGCCTCCAGCTTAACTGGAGAATTGCCATTGAAACTGAAGTTCTTGAGTATGGATGAGGTGGTTGGAATATAACATGTAGCGGTGAAATGCTTAGATATGTTATAGAACACCAATTGCGAAGGCAGATCACTAAACCATTACTGACGCTGAGGTACGAAAGCGTGGGGAGCGAACAGG","Bacteria","Bacteroidota","Bacteroidia","Sphingobacteriales","NS11-12 marine group",NA,NA,NA
"88","TACGGAGGGTGCAAACGTTGCTCGGAATCATTGGGCGTAAAGCGCACGTAGGCGGTCCGATAAGTCGGATGTGAAAGCCCTCGGCTCAACCGAGGAAGTGCATTCGAAACTGTCGGACTAGAGTACGGGAGGGGGCTGCGGAATTCCCGGTGTAGAGGTGAAATTCGTAGATATCGGGAGGAACACCAGTGGCGAAGGCGGCAGCCTGGACCGATACTGACGCTGAGGTGCGAAAGCGTGGGGAGCAAACAGG","Bacteria","Myxococcota","Polyangia","Haliangiales","Haliangiaceae","Haliangium",NA,NA
"89","TACGGAGGGTGCAAACGTTGCTCGGAATCATTGGGCGTAAAGCGCGCGTAGGCGGCTACGCAAGTTGGGTGTGAAAGCCCTGGGCTCAACCTAGGAAGTGCACTCAAAACTGCGCAGCTTGAGTCTCGGAGGGGGTCGGAGAATTCCCGGTGTAGAGGTGAAATTCGTAGATATCGGGAGGAATACCAGTGGCGAAGGCGCCGACCTGGACGATGACTGACGCTGAGGTGCGAAAGCGTGGGGAGCAAACAGG","Bacteria","Myxococcota","Polyangia","Nannocystales","Nannocystaceae",NA,NA,NA
"90","TACGGAGGGTGCAAGCATTAATCGGATTTATTGGGTGTAAAGAGCGCGTAGGCGGGTCAGCAAGTCAGATGTGAAATTCCGGAACTCAATTCCGGAGCTGCATTTGAAACTACTGATCTTGAGGATAGACGGAGAAAACGGAATTCCACATGTAGCGGTGAAATGCGTAGATATGTGGAAGAACACCGGTGGCGAAGGCGGTTTTCTAGTTTATTCCTGACGCTGAGGCGCGAGAGCAAGGGTAGCAAACAGG","Bacteria","Verrucomicrobiota","Chlamydiae","Chlamydiales","Simkaniaceae",NA,NA,NA
"91","TACGGAGGGTGCAAGCATTAATCGGGATTATTAGGCGTAAAGGGTGCGTAGGCGGCTATGTAAGTCAAATGTGAAATCCTGGGGCTTAACCCCAGGGCTGCATTTGAAACTGCATGACTAGAGGATGGACGGAGGAAGCGGAATTCTACATGTAGCGGTGAAATGCGTGGATATGTAGAAGAACACCGGTGGCGAAAGCGGCTTTCTAGTTTAATCCTGACGCTGAGGCACGATAGCAGGGGGAGCAAACAGGATTAGAAACCCGTAGTCC","Bacteria","Verrucomicrobiota","Chlamydiae","Chlamydiales",NA,NA,NA,NA
"92","TACGGAGGGTGCAAGCATTAATCGGGATTATTAGGCGTAAAGGGTGCGTAGGCGGCTATGTAAGTCAAATGTGAAATCCTGGGGCTTAACCCCAGGGCTGCATTTGAAACTGCATGACTAGAGGATGGACGGAGGAAGCGGAATTCTACATGTAGCGGTGAAATGCGTGGATATGTAGAAGAACACCGGTGGCGAAAGTGGCTTTCTAGTTTAATCCTGACGCTGAGGCACGATAGCAGGGGGAGCAAACAGG","Bacteria","Verrucomicrobiota","Chlamydiae","Chlamydiales",NA,NA,NA,NA
"93","TACGGAGGGTGCAAGCATTGATCGGAATTACTGGGCGTAAAGGGCGCGTAGGCGGTTAGAAAAGTCAGATGTGAAATTCCAGGGCTCAACCCTGGAGCTGCATTTGAAACTCTCTAGCTAGAGTGCAGTTAGGGTAAACGGAATTCCACGTGTAGCGGTGAAATGCGTAGATATGTGGAAGAACACCGGTGGTGAAGACGGTTTACTGGGCTGTAACTGACGCTGAGGCGCGAAAGCATGGGGAGCAAACAGG","Bacteria","Verrucomicrobiota","Chlamydiae","Chlamydiales","cvE6",NA,NA,NA
"94","TACGGAGGGTGCAAGCATTGATCGGAATTACTGGGCGTAAAGGGCGCGTAGGCGGTTAGAAAAGTCAGATGTGAAATTCCAGGGCTCAACCTTGGAGCTGCATTTGAAACTCTCTAGCTAGAGTGCAGTTAGGGTAAACGGAATTCCACGTGTAGCGGTGAAATGCGTAGATATGTGGAAGAACACCGGTGGTGAAGACGGTTTACTGGGCTGTAACTGACGCTGAGGCGCGAAAGCATGGGGAGCAAACAGG","Bacteria","Verrucomicrobiota","Chlamydiae","Chlamydiales","cvE6",NA,NA,NA
"95","TACGGAGGGTGCAAGCGTTAATCGGAATCACTGGGCGTAAAGCGCACGTAGGCGGCGAGTTAAGTCAGATGTGAAAGCCCCGGGCTCAACCTGGGAATGGCATTTGATACTGGCTGGCTAGAGTCTGATAGAGGGGGGTGGAATTCCAGGTGTAGCGGTGAAATGCGTAGATATCTGGAGGAACACCAGTGGCGAAGGCGGCCCCCTGGATCAAGACTGACGCTGAGGTGCGAAAGCGTGGGGAGCAAACAGG","Bacteria","Proteobacteria","Gammaproteobacteria","Run-SP154",NA,NA,NA,NA
"96","TACGGAGGGTGCAAGCGTTAATCGGAATCACTGGGCGTAAAGCGCACGTAGGCGGCTAGTTAAGTCAGATGTGAAAGCCCCGGGCTCAACCTGGGAATTGCATTTGATACTGATCGGCTAGAGTCTGATAGAGGGGGGTGGAATTCCAGGTGTAGCGGTGAAATGCGTAGATATCTGGAGGAACACCAGTGGCGAAGGCGGCCCCCTGGATCAAGACTGACGCTGAGGTGCGAAAGCGTGGGTAGCAAACAGG","Bacteria","Proteobacteria","Gammaproteobacteria",NA,NA,NA,NA,NA
"97","TACGGAGGGTGCAAGCGTTAATCGGAATCACTGGGCGTAAAGCGCACGTAGGCTGTTTTGCAAGTCAGGTGTGAAATGCCTCGGCTCAACCGAGGAACTGCACTTGAAACTGCAGGACTAGAGTACTGGAGAGGGTGGCGGAATTCCCGGTGTAGGAGTGAAATCCGTAGATATCGGGAGGAACACCAGTGGCGAAGGCGGCCACCTGGACAGATACTGACGCTGAGGTGCGAAAGCGTGGGGAGCAAACAGG","Bacteria","Desulfobacterota","Desulfovibrionia","Desulfovibrionales","Desulfovibrionaceae","Desulfovibrio",NA,NA
"98","TACGGAGGGTGCAAGCGTTAATCGGAATTACTGGGCGTAAAGCGCACGTAGGCGGCTTCCTAAGTCGGATGTGAAAGCCCCGGGCTTAACCTGGGAACTGCATCCGATACTGGGTCGCTAGAGTAAGGGAGAGGGAAGCGGAATTTCCGGTGTAGCGGTGAAATGCGTAGATATCGGAAGGAACACCAGTGGCGAAGGCGGCTTCCTGGCCCATTACTGACGCTGAGGTGCGAAAGCGTGGGGAGCAAACAGG","Bacteria","Proteobacteria","Gammaproteobacteria","Steroidobacterales","Woeseiaceae","JTB255 marine benthic group",NA,NA
"99","TACGGAGGGTGCAAGCGTTAATCGGAATTACTGGGCGTAAAGCGCACGTAGGCGGTGTGTTAAGTTGGATGTGAAAGCCCCGGGCTCAACCTGGGAATTGCATTCAAAACTGGCACGCTAGAGTATGTGAGAGGGGGGTAGAATTCCAAGTGTAGCGGTGAAATGCGTAGAGATTTGGAGGAATACCAGTGGCGAAGGCGGCCCCCTGGTACAATACTGACGCTGAGGTGCGAAAGCGTGGGGAGCAAACAGG","Bacteria","Proteobacteria","Gammaproteobacteria","Alteromonadales","Alteromonadaceae","Rheinheimera",NA,NA
"100","TACGGAGGGTGCAAGCGTTAATCGGAATTACTGGGCGTAAAGCGCGCGTAGGCGGAATACTAAGTCTCATGTGAAAGCCCCGGGCTCAACCTGGGAACTGCATGGGATACTGGTATTCTAGAATACAGTAGAGGGTAGTGGAATTCCAGGTGTAGCGGTGAAATGCGTAGAGATCTGGAGGAACATCAGTGGCGAAGGCGACTACCTGGACTGATATTGACGCTGAGGTGCGAAAGCGTGGGGAGCAAACAGG","Bacteria","Proteobacteria","Gammaproteobacteria","Oceanospirillales","Kangiellaceae","Aliikangiella",NA,NA
"101","TACGGAGGGTGCAAGCGTTAATCGGAATTACTGGGCGTAAAGCGCGCGTAGGCGGCTACCTAAGCCAGATGTGAAAGCCCCGGGCTCAACCTGGGAACTGCATTTGGAACTGGGTGGCTAGAGTGCAGAAGAGGATAGTGGAATTCCAGGTGTAGCGGTGAAATGCGTAGATATCTGGAGGAACATCAGTGGCGAAGGCGACTGTCTGGTCTGACACTGACGCTGAGGTGCGAAAGCGTGGGGAGCAAACAGG","Bacteria","Proteobacteria","Gammaproteobacteria","Cellvibrionales","Cellvibrionaceae","Simiduia","Simiduia","agarivorans"
"102","TACGGAGGGTGCAAGCGTTAATCGGAATTACTGGGCGTAAAGCGCGCGTAGGCGGCTACCTAAGCCAGATGTGAAAGCCCCGGGCTCAACCTGGGAATTGCATTTGGAACTGGGTGGCTAGAGTGCAGGAGAGGATAGTGGAATTCCAGGTGTAGCGGTGAAATGCGTAGATATCTGGAGGAACATCAGTGGCGAAGGCGACTGTCTGGTCTGACACTGACGCTGAGGTGCGAAAGCGTGGGGAGCAAACAGG","Bacteria","Proteobacteria","Gammaproteobacteria","Cellvibrionales","Cellvibrionaceae","Simiduia",NA,NA
"103","TACGGAGGGTGCAAGCGTTAATCGGAATTACTGGGCGTAAAGCGCGCGTAGGCGGCTTGTTAAGCTAGATGTGAAAGCCCCGGGCTCAACCTGGGAACTGCATTTAGAACTGGCTGGCTAGAGTACAGTAGAGGGTGGTGGAATTTCCAGTGTAGCGGTGAAATGCGTAGAGATTGGAAGGAACATCAGTGGCGAAGGCGGCCACCTGGACTGATACTGACGCTGAGGTGCGAAAGCGTGGGGAGCAAACAGG","Bacteria","Proteobacteria","Gammaproteobacteria","Oceanospirillales","Oleiphilaceae","Oleiphilus",NA,NA
"104","TACGGAGGGTGCAAGCGTTACTCGGAATCACTGGGCGTAAAGCGAACGCAGGCGGACCTCTAAGTCGGAAGTGAAAGCCCCGGGCTCAACCTGGGAATTGCTTTCGAAACTGGGGGTCTTGAGTCCAGAAGAGGGTGGTGGAATTCCTGGTGTAGAGGTGAAATTCGTTGATATCAGGAGGAACATCGGTGGCGAAGGCGGCCACCTGGTCTGGTACTGACGCTCATGTTCGAAAGCGTGGGGAGCAAACAGG","Bacteria","Bdellovibrionota","Bdellovibrionia","Bdellovibrionales","Bdellovibrionaceae","OM27 clade",NA,NA
"105","TACGGAGGGTGCAAGCGTTATCCGGAATCACTGGGTTTAAAGGGTACGTAGGCGGTTAGTTAAGTCGGTAGTGAAAGACCGTTGCTCAACAACGGATGTGCTACCGATACTGGCTGACTTGAAACAGGTTAGAGTTGGCGGAATGGGTCATGTAGCGGTGAAATGCTTAGATATGACTTGGAACACCGAAAGCGAAGGCAGCTGACTGAGCCTCGTTTGACGCTGAGGTACGAAAGTGTGGGTAGCGAACAGG","Bacteria","Bacteroidota","Bacteroidia","Chitinophagales",NA,NA,NA,NA
"106","TACGGAGGGTGCAAGCGTTATCCGGAATCACTGGGTTTAAAGGGTACGTAGGCGGTTTGATAAGTCAGGTGTGAAATACCGCGGCCTAACTGCGGAACTGCACTTGATACTGTCAGACTTGAGTAGGGTGGAGGTACACGGAATGCATCATGTAGCGGTGAAATGCTTAGATATGATGTAGAACACCGATAGCGAAGGCAGTGTGCCATACCTTAACTGACGCTGAGGTACGAAAGCGTGGGGAGCGAACAGG","Bacteria","Bacteroidota","Bacteroidia","Chitinophagales",NA,NA,NA,NA
"107","TACGGAGGGTGCAAGCGTTATCCGGAATCACTGGGTTTAAAGGGTGCGTAGGCGGTATGATAAGTCAGGGGTGAAAGGCCGTAGCTTAACTATGGGACTGCCTTTGATACTGTTATACTTGAATAGAGTTGAGGTTGGCGGAATGTGGCATGTAGCGGTGAAATGCATAGATATGCCATAGAACACCGATTGAGAAGTCAGCTGGCTAGACTTTTATTGACGCTGAGGCACGAAAGCGTGGGGATCAAACAGG","Bacteria","Bacteroidota","Bacteroidia","Chitinophagales","Saprospiraceae",NA,NA,NA
"108","TACGGAGGGTGCAAGCGTTATCCGGAATTACTGGGTTTAAAGGGTGCGTAGGCGGCGCAGTAAGTCAGGGGTGAAAGGCTTCCGCTCAACGGGAGAATTGCCTTTGATACTGTTGTGCTTGAATCAGGTTGAGGCTGGCGGAATGTGGCATGTAGCGGTGAAATGCATAGATATGCCACAGAACACCGATTGCGAAGGCAGCTGGCTGGGCCTAGATTGACGCTGAGGCACGAAAGCGTGGGGAGCGAACAGG","Bacteria","Bacteroidota","Bacteroidia","Chitinophagales","Saprospiraceae","Phaeodactylibacter",NA,NA
"109","TACGGAGGGTGCAAGCGTTATCCGGATTTACTGGGTTTAAAGGGTGTGTAGGCGGGCTATTAAGTCAGTGGTGAAATCTCCGAGCTTAACTTGGAAACTGCCGTTGATACTATTAGTCTTGAATATTGTTGAGGTAGGCGGAATAAGTCATGTAGCGGTGAAATGCATAGATATGACTTAGAACACCAATTGCGAAGGCAGCTTGCTAAACAATGATTGACGCTGAGGCACGAAAGCGTGGGGATCAAACAGG","Bacteria","Bacteroidota","Bacteroidia","Chitinophagales","Chitinophagaceae","Edaphobaculum",NA,NA
"110","TACGGAGGGTGCAAGCGTTATCCGGATTTATTGGGTTTAAAGGGTACGTAGGTGGTTTGGTAAGTCAGAGGTGAAATACGGTAGCTTAACTATCGAATTGCCTTTGATACTATTAAACTTGAGTTCTATTGAGGTAGACGGAATTGATAGTGTAGCGGTGAAATGCATAGATACTATCAGGAACACCAATTGCGAAGGCAGTTTACTAAATAGATACTGACACTAAAGTACGAAGGCGTGGGTAGCAAACAGG","Bacteria","Bacteroidota","Bacteroidia",NA,NA,NA,NA,NA
"111","TACGGAGGGTGCAAGCGTTATCCGGATTTATTGGGTTTAAAGGGTGCGTAGGCGGGAAGCTAAGTCAGTGGTGAAATCTCTCGGCTCAACCGAGAAACTGCCATTGATACTGGTTTTCTTGAATTTGATTGAAGTGGGCGGAATATGACATGTAGCGGTGAAATGCTTAGATATGTCCTAGAACACCGATAGCGAAGGCAGCTCACTAAGTCAACATTGACGCTGAGGCACGAAAGCGTGGGGAGCGAACAGG","Bacteria","Bacteroidota","Bacteroidia","Flavobacteriales",NA,NA,NA,NA
"112","TACGGAGGGTGCAAGCGTTATCCGGATTTATTGGGTTTAAAGGGTGCGTAGGCGGGGCTTTAAGTCAGTGGTGAAATCCTATAGCTCAACTATAGAACTGCCATTGATACTGAAGCTCTTGAATACGGTTGAAGTGGGCGGAATGAGTAGTGTAGCGGTGAAATGCTTAGATATTACTCAGAACACCGATTGCGAAGGCAGCTCACTAAACCGTGATTGACGCTGAGGCACGAAAGCGTGGGGATCAAACAGG","Bacteria","Bacteroidota","Bacteroidia",NA,NA,NA,NA,NA
"113","TACGGAGGGTGCAAGCGTTATTCGGAATCACTGGGCGTAAAGGACGCGTAGGCGGGTTAAAAAGTCAGGTGTGAAAGCCTATGGCTCAACCATAGAATTGCACTTGAAACTCTTAACCTAGAGTATGGGAGGGGCAGATGGAATTAGTGGTGTAGGGGTAAAATCCGTAGATATCACTAGGAATACCGAAAGCGAAGGCGATCTGCTGGAACATAACTGACGCTAAGGCGTGAAAGCGTGGGGAGCAAACAGG","Bacteria","Campilobacterota","Campylobacteria","Campylobacterales","Sulfurimonadaceae","Sulfurimonas",NA,NA
"114","TACGGAGGGTGCAAGCGTTGTTCGGAATCACTGGGCGTAAAGGGCGCGCAGGCGGCCTGGTAAGTCAGATGTGAAAGCCCACGGCTCAACCGTGGAAGTGCATTTGAAACTGCTAGGCTTGAGTATCAGAGGGGAAGGTGGAATTCCCGGTGTAGAGGTGAAATTCGTAGATATCGGGAGGAATACCGGTGGCGAAGGCGACTTTCTGGCTGAATACTGACGCTGAGGCGCGAAAGCGTGGGGAGCAAACAGG","Bacteria","Desulfobacterota","Desulfobulbia","Desulfobulbales","Desulfobulbaceae","Candidatus Electrothrix",NA,NA
"115","TACGGAGGGTGCAAGCGTTGTTCGGAATCATTGGGCGTAAAGCGCGTGTAGGCGGCCAAATAAGTCTGATGTGAAAGCCCGGGGCTTAACCCCGGAAGTGCATTGGATACTGTTTGGCTAGAGGACGAGAGAGGGAAGCGGAATTCCTGGTGTAGGGGTGAAATCCGTAGATATCAGGAGGAACATCAGTTGCGAAGGCGGCTTCCTGGCTCGTATCTGACGCTGAGACGCGAAAGCGTGGGGAGCAAACAGG","Bacteria","SAR324 clade(Marine group B)",NA,NA,NA,NA,NA,NA
"116","TACGGAGGGTGCAAGCGTTGTTCGGAATTACTGGGCGTAAAGCGCGCGTAGGCGGCTTTTTAAGTCAGATGTGAAAGTCCACGGCTCAACCGTGGAAGTGCATTTGATACTGGAAGGCTTGAGTACTGGAGGGGATGGTGGAATTCCCGGTGTAGAGGTGAAATTCGTAGATATCGGGAGGAATACCGGTGGCGAAGGCGACCATCTGGCCAGATACTGACGCTGAGGTGTGAAAGCGTGGGGAGCAAACAGG","Bacteria","Desulfobacterota","Desulfobulbia","Desulfobulbales","Desulfocapsaceae","Desulfopila",NA,NA
"117","TACGGAGGGTGCAAGCGTTGTTCGGAATTACTGGGCGTAAAGCGCGCGTAGGCGGTCTGTTAAGTCAGATGTGAAAGCCCATGGCTCAACCATGGACGTGCATTTGATACTGGCAGACTTGAGTATTGGAGGGGGTGGTGGAATTCCCGGTGTAGAGGTGAAATTCGTAGATATCGGGAGGAATACCGGTGGCGAAGGCGACCACCTGGCCAAATACTGACGCTGAGGTGCGAAAGCGTGGGGAGCAAACAGG","Bacteria","Desulfobacterota","Desulfobulbia","Desulfobulbales","Desulfocapsaceae",NA,NA,NA
"118","TACGGAGGGTGCAAGCGTTGTTCGGAATTACTGGGCGTAAAGCGCGCGTAGGCGGTTGTGTAAGTCAGATGTGAAAGCCCATGGCTCAACCATGGACGTGCATTTGATACTGCACGACTTGAGTACTGGAGGGGGTGGTGGAATTCCCGGTGTAGAGGTGAAATTCGTAGATATCGGGAGGAATACCGGTGGCGAAGGCGACCACCTGGCCAGATACTGACGCTGAGGTGCGAAAGCGTGGGGAGCAAACAGG","Bacteria","Desulfobacterota","Desulfobulbia","Desulfobulbales","Desulfocapsaceae",NA,NA,NA
"119","TACGGAGGGTGCAAGCGTTGTTCGGAATTACTGGGCGTAAAGCGCGCGTAGGCGGTTTGCTAAGTCAGATGTGAAAGCCCATGGCTCAACCATGGAAGTGCATTTGAAACTGGCAGACTTGAGTACTGGAGGGGATAGTGGAATTCCCGGTGTAGAGGTGAAATTCGTAGATATCGGGAGGAATACCGGTGGCGAAGGCGACTATCTGGCCAGATACTGACGCTGAGGTGCGAAAGCGTGGGGAGCAAACAGG","Bacteria","Desulfobacterota","Desulfobulbia","Desulfobulbales","Desulfocapsaceae",NA,NA,NA
"120","TACGGAGGGTGCAAGCGTTGTTCGGAATTACTGGGCGTAAAGCGCGTGTAGGCGGCCGATTAAGTCTGGTGTGAAATCCCGGGGCTCACCCCCGGAAGTGCGCTGGAAACTGGTCGGCTCGAGTATGGGAGAGGAAAGTGGAATTCCCGGTGTAGCGGTGAAATGCGTAGATATCGGGAGGAACACCAGCGGCGAAGGCGGCTTTCTGGACCAATACTGACGCTGAGACGCGAAAGCGTGGGGAGCAAACAGG","Bacteria","Desulfobacterota",NA,NA,NA,NA,NA,NA
"121","TACGGAGGGTGCAAGCGTTGTTCGGAATTACTGGGCGTAAAGCGCGTGTAGGCGGTTTCGTAAGTCGGATGTGAAATCCCTCGGCTTAACCGAGGAAGTGCATCCGATACTGCGAGACTTGAGTACTGGAGGGGGTGGCGGAATTCCCGGTGTAGAGGTGAAATTCGTAGATATCGGGAGGAACACCTGTGGCGAAGGCGGCCACCTGGACAGTAACTGACGCTGAGACGCGAAAGCGTGGGTAGCAAACAGG","Bacteria","Myxococcota","Polyangia","Blfdi19",NA,NA,NA,NA
"122","TACGGAGGGTGCAAGCGTTGTTCGGAATTACTGGGCGTAAAGGGCGCGCAGGCGGCATGTCAAGTCAGATGTGAAAACCCACGGCTTAACCGTGGAAGTGCATTTGAAACTGTCATGCTTGAGTATCAGAGGGGAAAGTGGAATTCCTGGTGTAGAGGTGAAATTCGTAGATATCAGGAGGAATACCGGTGGCGAAGGCGACTTTCTGGCTGAATACTGACGCTGAGGCGCGAAAGCGTGGGGAGCAAACAGG","Bacteria","Desulfobacterota","Desulfobulbia","Desulfobulbales","Desulfobulbaceae",NA,NA,NA
"123","TACGGAGGGTGCAAGCGTTGTTCGGAATTACTGGGCGTAAAGGGCGCGCAGGCGGTTTGGTAAGTCAGATGTGAAAGCCCACGGCTTAACCGTGGAAGTGCATTTGATACTGCTAGACTTGAGTACCAGAGGGGAAAGTGGAATTCCCGGTGTAGAGGTGAAATTCGTAGATATCGGGAGGAATACCGGTGGCGAAGGCGACTTTCTGGCTGAGTACTGACGCTGAGGCGCGAAAGCGTGGGGAGCAAACAGG","Bacteria","Desulfobacterota","Desulfobulbia","Desulfobulbales","Desulfobulbaceae","Desulfobulbus",NA,NA
"124","TACGGAGGGTGCAAGCGTTGTTCGGAATTATTGGGCGTAAAGAGCATGTAGGCGGATTGTTAAGTCTGGTGTGAAAGCCCGGGGCTCAACCCCGGAAGGGCATTGGATACTGGCAATCTTGAGTATGGGAGAGGAAAGTGGAATTCCGAGTGTAGGAGTGAAATCCGTAGATATTCGGAGGAACACCAGTGGCGAAGGCGGCTTTCTGGACCAATACTGACGCTGAGATGCGAAAGCGTGGGGAGCGAACAGG","Bacteria","Desulfobacterota","Desulfuromonadia","Geopsychrobacteraceae","Desulfuromusa",NA,NA,NA
"125","TACGGAGGGTGCAAGCGTTGTTCGGAATTATTGGGCGTAAAGGGCGTGTAGGCGGTTTGGTAAGTCAGATGTGAAAGCCCTGGGCTCAACCCAGGAAGTGCATTTGAAACTGCCATACTTGAGTATGGGAGAGGAGAGTGGAATTCCCAGTGTAGAGGTGAAATTCGTAGATATTGGGAGGAACACCCGTGGCGAAGGCGACTCTCTGGACCAATACTGACGCTGAGACGCGAAAGCGTGGGGAGCAAACAGG","Bacteria","Desulfobacterota","Desulfobacteria","Desulfatiglandales","Desulfatiglandaceae","Desulfatiglans",NA,NA
"126","TACGGAGGGTGCAAGCGTTGTTCGGATTCACTGGGCGTAAAGGGCGCGTAGGCGGCATCATAAGTTAAGGGTGAAATCCCGGGGCTCAACCCCGGAACTGCTCTTAAAACTGTGGAGCTAGAGATGGTCAGAGGTGGGTGGAATTCCTGGTGTAGAGGTGAAATTCGTAGATATCAGGAGGAACACCGGCGGCGAAGGCGGCCCACTGGGGCTTATCTGACGCTAAGGCGCGAAAGCGTGGGGAGCAAACGGG","Bacteria","SAR324 clade(Marine group B)",NA,NA,NA,NA,NA,NA
"127","TACGGAGGGTGCAAGCGTTGTTCGGATTTACTGGGCGTAAAGAGTGCGTAGGCGGGAAAATAAGTGAAACGTGAAATCCTAGAGCTCAACTCTAGAACTGCGTCTCAAACTATTTTTCTTGAGTATGGGAGAGGTAAGTGGAATTCTCAGTGTAGCGGTGAAATGCGTAGATATTGAGAAGAACACCATTAGTGAAGACGGCTTACTAGACCAATACTGACGCTCAGGCACGAAGGCTAGGGGAGCAAACAGG","Bacteria",NA,NA,NA,NA,NA,NA,NA
"128","TACGGAGGGTGCGAACGTTAATCGGAATTACTGGGCGTAAAGCGCGCGTAGGCGGTTTATTAAGTGGGATGTGAAAGCCCTGGGCTCAACCTGGGAATTGCATTCCAAACTGGCAGACTAGAGTACGAGAGAGGGGGGTAGAATTCAGAGTGTAGCGGTGAAATGCGTAGATATTCTGAGGAATACCAGTGGCGAAGGCGGCCCCCTGGCTTGATACTGACGCTGAGGCGCGAAAGCGTGGGGAGCAAACAGG","Bacteria","Proteobacteria","Gammaproteobacteria","OM182 clade",NA,NA,NA,NA
"129","TACGGAGGGTGCGAGCGTTAATCGGAATTACTGGGCGTAAAGCGCGCGTAGGCGGCTTAGTCAGTCGGATGTGAAATCCCCGGGCTTAACCTGGGAACTGCATTCGATACTGCTGAGCTAGAGTATGGAAGAGGGAAGTGGAATTCCGGGTGTAGCGGTGAAATGCGTAGATATCCGGAGGAACACCAGTGGCGAAGGCGACTTCCTGGGCCAATACTGACGCTGAGGTGCGAAAGCGTGGGGAGCAAACAGG","Bacteria","Proteobacteria","Gammaproteobacteria","Ga0077536",NA,NA,NA,NA
"130","TACGGAGGGTGCGAGCGTTAATCGGAATTACTGGGCGTAAAGCGCGCGTAGGCGGTTTGATAAGCTGGATGTGAAATCCCTGGGCTCAACCTGGGAACTGCATCCAGAACTGTCTGACTAGAGTGCAGTAGAGGATGGTGGAATTCCAGGTGTAGCGGTGAAATGCGTAGAGATCTGGAGGAACATCAGTGGCGAAGGCGGCCATCTGGACTGACACTGACGCTGAGGTGCGAAAGCGTGGGGAGCAAACAGG","Bacteria","Proteobacteria","Gammaproteobacteria","Cellvibrionales","Porticoccaceae",NA,NA,NA
"131","TACGGAGGGTGCGAGCGTTGTCCGGAATCACTGGGCGTAAAGCGCGCGTAGGCGGCTATTTAAGTCACTTGTGAAATCCCGGGGCTCAACTCCGGGGCTGCAGGTGATACTGGATGGCTCGAGCTCGGTAGAGGCGAGTGGAATTCCCGGTGTAGCGGTGGAATGCGTAGATATCGGGAAGAACACCAGTGGCGAAGGCGGCTCGCTGGGCCGTAGCTGACGCTGAGGCGCGAAAGCGTGGGGAGCAAACAGG","Bacteria","Gemmatimonadota","Gemmatimonadetes","Gemmatimonadales","Gemmatimonadaceae",NA,NA,NA
"132","TACGGAGGGTGCGAGCGTTGTTCGGAATCACTGGGCGTAAAGGGCGCGCAGGCGGCCTGTCAAGTCAGATGTGAAAGCCCGCGGCTCAACCGTGGAAGCGCATTTGAAACTGGCAGGCTTGAGTGTCGGAGGGGAAAGTGGAATTCCCGGCGTAGAGGTGAAATTCGTAGATATCGGGAGGAATACCGGTGGCGAAGGCGACTTTCTGGCCGAACACTGACGCTGAGGCGCGAAAGCGCGGGGAGCAAACAGG","Bacteria","Desulfobacterota","Desulfobulbia","Desulfobulbales","Desulfobulbaceae","Candidatus Electronema",NA,NA
"133","TACGGAGGTTCCAAGCGTTGTTCGGAATTACTGGGCGTAAAGGGAGCGCAGGTGGATTGGTAAGTCTAAAGTGGAAGCCCGGGGCTCAACCTCGGAAGGCCTTTGGATACTGCCAGTCTTGAGTACGTGAGAGGAAAGCGGAATTCAGGGTGTAGCGGTGAAATGCTTAGATATCCTGAGGAACACCAATGGCGAAAGCAGCTTTCTGGCACGCTACTGACACTGAGGCTCGAAAGCGTGGGGAGCGAACGGG","Bacteria","Hydrogenedentes","Hydrogenedentia","Hydrogenedentiales","Hydrogenedensaceae",NA,NA,NA
"134","TACGGAGTGTGCAAGCGTTACTCGGAATCACTGGGCATAAAGAGCACGTAGGCGGGCCGCTTAGTCGGTGGTGAAAGCCCTCAGCTCAACTGAGGAATTGCTGCCGAAACTGGTGGCCTTGAGGACAAGAGGGGAGAGTGGAACTTCTGGTGGAGCGGTGAAATGCGTAGATATCAGAAGGAACACCGGTGGCGAAAGCGACTCTCTGGCTTGTTTCTGACGCTGAGGTGCGAAAGCGTGGGTAGCAAACAGG","Bacteria","Planctomycetota","OM190",NA,NA,NA,NA,NA
"135","TACGGGAGTGGCAAGCGTTATCCGGAATTATTGGGCGTAAAGCGTCCGCAAGCGGTCTTGTAAGTCTGTCGTTAAAGCGTGGAGCTTAACTCCATTTCAGCGATGGAAACTGCAAGACTAGAGTGTGGTAGGGGCAGAGGGAATTCCCGGTGTAGCGGTGAAATGCGTAGATATCGGGAAGAACACCAGTGGCGAAGGCGCTCTGCTGGGCCATAACTGACGCTCATGGACGAAAGCCAGGGGAGCGAAAGGG","Bacteria","Cyanobacteria","Cyanobacteriia","Synechococcales","Cyanobiaceae","Cyanobium PCC-6307",NA,NA
"136","TACGGGAGTGGCAAGCGTTATCCGGAATTATTGGGCGTAAAGCGTCCGCAGGCGGTCTTATAAGTCTGTTGTTAAAGCGTGGAGCTTAACTCCATTTCAGCAATGGAAACTGTAAGACTAGAGTGTGGTAGGGGCAGAGGGAATTCCCGGTGTAGCGGTGAAATGCGTAGATATCGGGAAGAACACCAGTGGCGAAGGCGCTCTGCTGGGCCATAACTGACGCTCATGGACGAAAGCCAGGGGAGCGAAAGGG","Bacteria","Cyanobacteria","Cyanobacteriia","Synechococcales","Cyanobiaceae","Cyanobium PCC-6307",NA,NA
"137","TACGGGAGTGGCAAGCGTTATCCGGAATTATTGGGCGTAAAGCGTCCGCAGGTGGCCTTGAAAGTCTGTCGTTAAAGCGTGGAGCTTAACTTCATTTGAGCGATGGAAACTACGAGGCTAGAGTGTGGTAGGGGCAGAGGGAATTCCCGGTGTAGCGGTGAAATGCGTAGATATCGGGAAGAACACCAGTGGCGAAGGCGCTCTGCTGGGCCATCACTGACACTCATGGACGAAAGCCAGGGGAGCGAAAGGG","Bacteria","Cyanobacteria","Cyanobacteriia","Synechococcales","Cyanobiaceae","Cyanobium PCC-6307",NA,NA
"138","TACGGGGGATGCAAGCGTTATTCGGAATTATTGGGCGTAAAGGGCGCGTAGGCGGCCTTGTCAGTCAGATGTGAAAGCCCGGGGCTCAACCCCGGACGAGCATTTGAAACAGCAAGGCTTGAGTACGGTAGAGGAAAGGGGAATTCCTGGTGTAGAGGTGAAATTCGTAGATATCAGGAGGAACACCGGTGGCGAAGGCGCCTTTCTGGACCTGTACTGACGCTGAGGCGCGAAGGCGTGGGTAGCGAACAGG","Bacteria","Desulfobacterota","Desulfobacteria","Desulfobacterales","Desulfobacteraceae","Candidatus Desulfamplus",NA,NA
"139","TACGGGGGGTGCAAGCGTTATTCGGAATCATTGGGCGTAAAGAGCACGTAGGCGGCCTGGTAAGTCAGGTGTGAAAGCCCGGGGCTTAACCCCGGAAGTGCATTTGATACTGCCAGGCTTGAGTATGGGAGAGGGAAGTGGAATTCCTGGTGTAGAGGTGAAATTCGTAGATATCAGGAGGAACACCGGTGGCGAAGGCGACTTCCTGGACCAATACTGACGCTGAGGTGCGAAGGCGTGGGTAGCAAACAGG","Bacteria","Desulfobacterota","Desulfobacteria","Desulfobacterales","Desulfosarcinaceae","Desulfosarcina",NA,NA
"140","TACGGGGGGTGCAAGCGTTATTCGGAATCATTGGGCGTAAAGGGCGCGTAGGCGGTTCGTTAAGTCAGATGTGAAAGCCCGGGGCTCAACCCCGGAAGTGCATTTGATACTGGCGGACTTGAGTATGGGAGAGGGAAGTGGAATTCCTGGTGTAGAGGTGAAATTCGTAGATATCAGGAGGAACACCGGTGGCGAAGGCGACTTCCTGGACCAATACTGACGCTGAGGCGCGAAGGCGTGGGTAGCAAACAGG","Bacteria","Desulfobacterota","Desulfobacteria","Desulfobacterales","Desulfosarcinaceae",NA,NA,NA
"141","TACGGGGGGTGCAAGCGTTATTCGGAATTATTGGGCGTAAAGGGCGCGTAGGCGGTTTTATAAGTCAGATGTGAAAGCCCTGGGCTTAACCTGGGAAGGGCATTTGAAACTATTGAACTTGAGTACGGTAGAGGAAAGCGGAATTCCTGGTGTAGAGGTGAAATTCGTAGATATCAGGAGGAACACCGGTGGCGAAGGCGGCTTTCTGGACCTGTACTGACGCTGAGGCGCGAAGGCGTGGGTAGCGAACGGG","Bacteria","Desulfobacterota","Desulfobacteria","Desulfobacterales","Desulfobacteraceae",NA,NA,NA
"142","TACGGGGGGTGCGAGCGTTAATCGGAATTACTGGGCGTAAAGGGTGCGTAGGCGGCTATGTAAGTCAGATGTGAAATCCCACGGCTTAACCGTGGAACTGCATATGATACTGTATGGCTAGAGAATGGTAGGGGATAGTAGAATTCCTGGTGTAGGGGTGATATCCGTAGATATCAGGAAGAATACCGGAGGCGAAGGCGACTATCTGGACCATTGCTGACGCTGAGGCACGAAAGCGTGGGTAGCAAACAGG","Bacteria",NA,NA,NA,NA,NA,NA,NA
"143","TACGGGGGGTGCGAGCGTTATTCGGAATTATTGGGCGTAAAGGGCGCGTAGGCGGTTTATTAAGTCAGATGTGAAAGCCCAGGGCTTAACCTTGGAAGTGCATTTGAGACTGATAGACTTGAGTATGGGAGAGGGAAGTGGAATTCCTGGTGTAGCGGTGAAATGCGTAGATATCAGGAGGAACACCGGTGGCGAAGGCGGCTTCCTGGACCAATACTGACGCTGAGGCGCGAAGGCGTGGGGAGCAAACAGG","Bacteria","Desulfobacterota","Desulfobacteria","Desulfobacterales","Desulfosarcinaceae",NA,NA,NA
"144","TACGTAAGGTGCAAGCGTTATCCGGAATCATTGGGCGTAAAGCGTTCGTAGGCGTCCTGATAAGTCTTCTGTTAAATCCACCCGCTCAACGGGTGACTCGTGGAAGAAACTATCAGGATGGAGATCAGCAGAGGCAACTGGAATGCCGCATGTAGGGGTAAAATCCGTTGATATGCGGTGGAACACCAAAAGCGAAGGCAGGTTGCTGGGCTGTTTCTGACGCTGAGGAACGAAAGCGTGGGGAGCAAACAGG","Bacteria","Patescibacteria","Gracilibacteria",NA,NA,NA,NA,NA
"145","TACGTAGGATGCGAGCGTTGTTCGGAATTACTGGGCGTAAAGAGTACGTAGGCGGTGATGTAAGTCTGATATTAAAGACGACAGCTCAACTGTTGGAGTGTATCAGAGACTGCATTGCTAGAGGGTAATAGAGGAAGTTGGAATTCTCAGTGTAGCGGTGAAATGCGTAGATATTGGGAAGAACACCAGCGGCGAAAGCGAACTTCTGGGTTACTACTGACGCTGAGGTACGAAAGCGTGGGGAGCAAACGGG","Bacteria",NA,NA,NA,NA,NA,NA,NA
"146","TACGTAGGGAGCTAGCGTTGTTCGGAATCACTGGGCGTAAAGGGAGCGTAGGCGGAAGAGTAAGTTAGGAGTGAAATGTACGGGCTCAACCCGTGATCTGCTTTTAATACTGCTTTTCTTGAGTATGGGAGAGGAAGGTAGAATTCCAGGTGTAGCGGTGGAATGCGTAGATATCTGGAAGAATACCAGTTGCGAAGGCGGCCTTCTGGCCCAATACTGACGCTAATGCTCGAAAGCTAGGGGAGCGAACAGG","Bacteria","Fibrobacterota","Fibrobacteria","Fibrobacterales","TG3",NA,NA,NA
"147","TACGTAGGGGGCAAGCGTTGTCCGGAATGACTGGGCGTAAAGGGCGTGTAGGCGGCCGATTAAGTCTGGAGTGAAAGTCCTGCTTTCAAGGTGGGAATTGCTTTGGAGACTGGTTGGCTTGAGTGCGGAAGAGGTAAGTGGAATTCCCAGTGTAGCGGTGAAATGCGTAGAGATTGGGAGGAACACCAGTGGCGAAGGCGACTTACTGGGCCGTAACTGACGCTGAGGCGCGAAAGCGTGGGGAGCGAACAGG","Bacteria","Firmicutes","Clostridia","Christensenellales","Christensenellaceae","Christensenellaceae R-7 group",NA,NA
"148","TACGTAGGGGGCAAGCGTTGTCCGGAATTATTGGGCGTAAAGGGCACGCAGGCGGTTTCGTCAGTCCGATGTGACAGGCCACGGCTCAACCGTGGAAGGCCATTGGAAACTGCGAAACTTGAGGACAGAAGAGGAGAGTGGAATTCCACGTGTAGCGGTGAAATGCGTAGATATGTGGAGGAACACCAGTGGCGAAGGCGACTCTCTGGTCTGTACCTGACGCTGAGGTGCGAAAGCATGGGGAGCAAACAGG","Bacteria","Firmicutes","Bacilli","Bacillales","Marinococcaceae","Marinococcus","Marinococcus",NA
"149","TACGTAGGGGGCAAGCGTTGTCCGGATTTACTGGGTGTAAAGGGCGCGCAGGTGGGTTAACAAGTCAGAGGTGAAATCCTACAGCTTAACTGTAGAACTGCCTTTGAGACTGTTAATCTTGAGTACGGAAGAGAGAGATGGAATTCCAGGTGTAGTGGTGAAATACGTAGATATCTGGAAGAACACCAGTGGCGAAGGCGGTCTCTTGGTCCAATACTGACACTAAGGCGCGAAAGCGTGGGGAGCAAACAGG","Bacteria","Bacteroidota","Ignavibacteria","Ignavibacteriales","Ignavibacteriaceae","Ignavibacterium",NA,NA
"150","TACGTAGGGGGCGAACGTTGTTCGGAATCACTGGGCGTAAAGGGTGCGCAGGCTGCTCATCAAGTCAGTTGTGAAATTTCGTGGCTCAACCACGAAGCTGCTGCTGATACTGTTGGGCTAGAGTCATAGATAGAGGTAGCGGGAATTCCTGGTGTAGGAGTGAAATCTGTAAATATCAGGAGGAACACCAAGGGTGAAGACAAGCTACTGGGTAATGACTGACGCTGAGGCACGAAAGCTAGGGGAGCAAATGGG","Bacteria","Spirochaetota","Spirochaetia","Spirochaetales","Spirochaetaceae",NA,NA,NA
"151","TACGTAGGGGGCGAGCGTTGTCCGGAGTTACTGGGCGTAAAGAGCGTGTAGGCGGTTGAAAAAGTCAGGTGTGAAATCTTTCGGCTCAACCGGGAGACTGCGCCTGAAACTTTTCGACTGGAGTTCGGGAGGGGCAACTGGAATTCCTGGTGTAACGGTGAAATGTATAGATATCAGGAGGAACATCGGTGGCGAAGGCGGGTTGCTGGACCGAAACTGACGCTGAGACGCGAAAGCGTGGGGAGCAAACAGG","Bacteria","Spirochaetota","MVP-15",NA,NA,NA,NA,NA
"152","TACGTAGGGGGCGAGCGTTGTCCGGATTTATTGGGCGTAAAGAGCTCGTAGGCGGTTTGGTAAGTCGGGTGTGAAATCTCCACGCTCAACGTGGAGGGGCCACTCGATACTGCCATGACTCGAGTCCGGTAGAGGAGTGTGGAATTCCCGGTGTAGCGGTGAAATGCGCAGATATCGGGAGGAACACCCGTAGCGAAGGCGGCACTCTGGGCCGGAACTGACGCTGAGGAGCGAAAGCGTGGGGAGCAAACAGG","Bacteria","Actinobacteriota","Acidimicrobiia","IMCC26256",NA,NA,NA,NA
"153","TACGTAGGGTCCGAGCGTTGTCCGGAATTACTGGGTATAAAGGGTGCGCAGGCGGGTATTTGCGTCGGGGGTTAAAGACCGAAGCTTAACTTTGGGAATGCCTCCGAAACGGGATATCTTGAGTATGAGAGAGGTAGGTAGAATTCATGGTGTAGCGGTGAAATGCGTAGATATCATGAGGAATACCAGTGGCGAAGGCGGCCTACTGGCTCATTACTGACGCTCAGGCACGAAAGCGTGGGGAGCAAACAGG","Bacteria","Bacteroidota","Kapabacteria","Kapabacteriales",NA,NA,NA,NA
"154","TACGTAGGGTGCAAGCGTTAATCGGAATTACTGGGCGTAAAGCGTCCGCAGGTGGTTATGTAAGTCTGATGTGAAATCCCCGAGCTTAACTTGGGCATTGCATTGGAAACTACAAAACTAGAGTACGGCAGAGGGGGGTAGAATTCCACATGTAGCAGTGAAATGCGTAGATATGTGGAGGAATACCGATGGCGAAGGCAGCCCCCTGGGCTAATACTGACACTCATGGACGAAAGCGTGGGGAGCAAACAGG","Bacteria","Proteobacteria","Gammaproteobacteria","Burkholderiales","T34",NA,NA,NA
"155","TACGTAGGGTGCAAGCGTTAATCGGAATTACTGGGCGTAAAGCGTCCGCAGGTGGTTTTATAAGTCTGATGTGAAATACCCGAGCTTAACTTGGGGGTTGCGTTGGAAACTGTAGAACTGGAGTACAGCAGAGGGGGGTAGAATTCCACATGTAGCAGTGAAATGCGTAGATATGTGGAGGAATACCGATGGCGAAGGCAGCCCCCTGGGCTAATACTGACACTCATGGACGAAAGCGTGGGGAGCAAACAGG","Bacteria","Proteobacteria","Gammaproteobacteria","Burkholderiales",NA,NA,NA,NA
"156","TACGTAGGGTGCAAGCGTTAATCGGAATTACTGGGCGTAAAGCGTGCGCAGGCGGCACTGTAAGACAGATGTGAAATCCCCGGGCTCAACCTGGGAACTGCATTTGTGACTGCAGAGCTAGAGTGTGTCAGAGGGGGGTGGAATTCCACGTGTAGCAGTGAAATGCGTAGAGATGTGGAGGAACACCGATGGCGAAGGCAGCCCCCTGGGATAACACTGACGCTCAGGCACGAAAGCGTGGGGAGCAAACAGG","Bacteria","Proteobacteria","Gammaproteobacteria","Burkholderiales","Burkholderiaceae","Limnobacter",NA,NA
"157","TACGTAGGGTGCAAGCGTTAATCGGAATTACTGGGCGTAAAGCGTGCGCAGGCGGTCATGCAAGACAGATGTGAAATCCCCGGGCTCAACCTGGGAACTGCATTTGTGACTGCATGGCTTGAGTACGGCAGAGGGGGATGGAATTCCGCGTGTAGCAGTGAAATGCGTAGATATGCGGAGGAACACCGATGGCGAAGGCAATCCCCTGGGCCTGTACTGACGCTCATGCACGAAAGCGTGGGGAGCAAACAGG","Bacteria","Proteobacteria","Gammaproteobacteria","Burkholderiales","Comamonadaceae","Rhizobacter",NA,NA
"158","TACGTAGGGTGCAAGCGTTATCCGGAATTATTGGGCGTAAAGCGTTCGTAGGTGGTTTAGAAAGTTCACCGTTAAATCTGGTCGCTCAACGATCAACTCGCGGCGAAAACTCCTAAACTAGAGAATGGCAGAGGTAACTGGAATTCCACATGTAGGGGTAAAATCCGTTGATATGTGGAGGAACACCAAAAGCGAAGGCAGGTTGCTGGGCCATTTCTGACGCTGAGGAACGAAAGCGTGGGGAGCAAACAGG","Bacteria","Patescibacteria","Gracilibacteria",NA,NA,NA,NA,NA
"159","TACGTAGGGTGCAAGCGTTGCTCGGAATTACTGGGCGTAAAGGACGTGCAGGCGGCTTGGCAAGCGAGATGTGAAAGCCCTCGGCTCAACCGGGGAAGTGCATTTCGAACTGCTGGGCTTGAGTCCGAGAGAGGGTGGTGGAATTCCCGGTGGAACGGTGAAATGTGTAGATATCGGGAGGAACACCGGTGGCGAAGGCGGCCACCTGGCTCGGGACTGACGCTGAAACGTGAAAGCGTGGGGAGCAAACAGG","Bacteria","MBNT15",NA,NA,NA,NA,NA,NA
"160","TACGTAGGGTGCAAGCGTTGTCCGGAATTATTGGGCGTAAAGAGCTCGTAGGCGGTCTGTCGCGTCGGATGTGAAAATCCAGGGCTCAACCCTGGACCTGCATTCGATACGGGCAGACTAGAATTCGGTAGGGGAGTCTGGAATTCCTGGTGTAGCGGTGAAATGCGCAGATATCAGGAGGAACACCGGTGGCGAAGGCGGGACTCTGGGCCGATATTGACGCTGAGGAGCGAAAGCGTGGGGAGCGAACAGG","Bacteria","Actinobacteriota","Actinobacteria","Frankiales","Sporichthyaceae",NA,NA,NA
"161","TACGTAGGGTGCAAGCGTTGTCCGGAATTATTGGGCGTAAAGAGCTCGTAGGCGGTTTGTCACGTCTGCTGTGAAAATCCAAGGCTCAACCTTGGACTTGCAGTGGGTACGGGCAGGCTAGAGTGCGGTAGGGGAGATGGGAATTCCTGGTGTAGCGGTGGAATGCGCAGATATCAGGAGGAACACCGATGGCGAAGGCACATCTCTGGGCCGTAACTGACGCTGAGGAGCGAAAGCGTGGGGAGCGAACAGG","Bacteria","Actinobacteriota","Actinobacteria","Micrococcales","Microbacteriaceae","Candidatus Aquiluna",NA,NA
"162","TACGTAGGGTGCAAGCGTTGTCCGGAATTATTGGGCGTAAAGAGCTCGTAGGCGGTTTGTCGCGTCTGCTGTGAAATCCCGAGGCTCAACCTCGGGCCTGCAGTGGGTACGGGCAAGCTAGAGTGCAGTAGGGGAGACTGGAACTCCTGGTGTAGCGGTGGAATGCGCAGATATCAGGAAGAACACCAATGGCGAAGGCAGGTCTCTGGGCTGTAACTGACGCTGAGGAGCGAAAGCGTGGGGAGCAAACAGG","Bacteria","Actinobacteriota","Actinobacteria","Micrococcales","Microbacteriaceae",NA,NA,NA
"163","TACGTAGGGTGCGAGCGTTAATCGGAATTACTGGGCGTAAAGCGTCCGCAGGTGGTTTTGTAAGTCTGATGTGAAATACCCGAGCTCAACTTGGGTTCTGCGTTGGAAACTACTAAACTAGAGTATGGCAGAGGGGGGTAGAATTCCACATGTAGCAGTGAAATGCGTAGATATGTGGAGGAATACCGATGGCGAAGGCAACCCCCTGGGCTAATACTGACACTCATGGACGAAAGCGTGGGGAGCAAACAGG","Bacteria","Proteobacteria","Gammaproteobacteria","Burkholderiales","T34",NA,NA,NA
"164","TACGTAGGGTGCGAGCGTTAATCGGAATTACTGGGCGTAAAGCGTGCGCAGGCGGTTGTGTAAGACAGATGTGAAATCCCCGGGCTCAACCTGGGAACTGCATTTGTGACTGCACGGCTTGAGTGCGGCAGAGGGGGATGGAATTCCGCGTGTAGCAGTGAAATGCGTAGATATGCGGAGGAACACCGATGGCGAAGGCAATCCCCTGGGCCTGCACTGACGCTCATGCACGAAAGCGTGGGGAGCAAACAGG","Bacteria","Proteobacteria","Gammaproteobacteria","Burkholderiales","Comamonadaceae",NA,NA,NA
"165","TACGTAGGGTGCGAGCGTTAATCGGAATTACTGGGCGTAAAGCGTGCGCAGGCGGTTTTGTAAGACAGGCGTGAAATCCCCGGGCTCAACCTGGGAATGGCGCTTGTGACTGCAAAGCTGGAGTGCGGCAGAGGGGGATGGAATTCCGCGTGTAGCAGTGAAATGCGTAGATATGCGGAGGAACACCGATGGCGAAGGCAATCCCCTGGGCCTGCACTGACGCTCATGCACGAAAGCGTGGGGAGCAAACAGG","Bacteria","Proteobacteria","Gammaproteobacteria","Burkholderiales","Comamonadaceae","Hydrogenophaga","Hydrogenophaga",NA
"166","TACGTAGGGTGCGAGCGTTAATCGGAATTACTGGGCGTAAAGCGTGCGCAGGCGGTTTTGTAAGACAGGCGTGAAATCCCCGGGCTTAACCTGGGAATTGCGCTTGTGACTGCAAGGCTAGAGTGCGTCAGAGGAAGGTAGAATTCCACGTGTAGCAGTGAAATGCGTAGAGATGTGGAGGAATACCGATGGCGAAGGCAGCCCCCTGGGACGTGACTGACGCTCATGCACGAAAGCGTGGGGAGCAAACAGG","Bacteria","Proteobacteria","Gammaproteobacteria","Burkholderiales","Burkholderiaceae","Cupriavidus",NA,NA
"167","TACGTAGGGTGCGAGCGTTAATCGGAATTACTGGGCGTAAAGGGTGCGCAGGCGGCTTTGTAAGTCAGATGTGAAATCCCCGGGCTTAACCTGGGAATTGCGTTTGAAACTACAGGGCTAGAGTGTGGCAGAGGGAGGTGGAATTCCATGTGTAGCAGTGAAATGCGTAGAGATATGGAAGAACATCGATGGTGAAGGCAGCCTCCTGGGTTAACACTGACGCTCATGCACGAAAGCGTGGGGAGCAAACAGG","Bacteria","Proteobacteria","Gammaproteobacteria","Burkholderiales","Nitrosomonadaceae","Nitrosomonas",NA,NA
"168","TACGTAGGGTGCGAGCGTTGTTCGGAATTACTGGGCGTAAAGAGCGTGTAGGCGGCCAGGTAAGTCTGGTGTGAAATCCCGGGGCTTAACCCCGGAAGTGCATTGGATACTGCCTGGCTAGAGGGCGAGAGAGGAAAGTGGAATTCCTGGTGTAGGGGTGAAATCCGTAGATATCAGGAGGAACATCAGAAGCGAAGGCGGCTTTCTGGCTCGCATCTGACGCTGAGACGCGAAAGCGTGGGTAGCAAACAGG","Bacteria","SAR324 clade(Marine group B)",NA,NA,NA,NA,NA,NA
"169","TACGTAGGTGGCGAGCGTTATCCGGAATTATTGGGCGTAAAGAGCGCGCAGGTGGTTGATTAAGTCTGATGTGAAAGCCCACGGCTTAACCGTGGAGGGTCATTGGAAACTGGTCGACTTGAGTGCAGAAGAGGGAAGTGGAATTCCATGTGTAGCGGTGAAATGCGTAGAGATATGGAGGAACACCAGTGGCGAAGGCGGCTTCCTGGTCTGTAACTGACACTGAGGCGCGAAAGCGTGGGGAGCAAACAGG","Bacteria","Firmicutes","Bacilli","Erysipelotrichales","Erysipelotrichaceae","Turicibacter","Turicibacter","sanguinis"
"170","TACGTATGGTGCAAGCGTTGTTCGGAATTATTGGGTGTAAAGGGTATGTAGGCGGAATTGTAAGTCAGATGTGAAAACTATGGGCTCAACCCATAGCCTGCATTTGATACTGTGATTCTCGAGTTTGGGAGAGGCAAGCGGAATTCCTGGTGTAGCGGTGAAATGCGTAGATATCAGGAAGAACACCGGTGGCGAAAGCGGCTTGCTGGCCTAAAACTGACGCTGAGATACGAAAGTGTGGGGAGCGAACGGG","Bacteria","Spirochaetota","Leptospirae","Leptospirales","Leptospiraceae","Leptospira",NA,NA
"171","TACTCGCGGTCCAAGTCGCAGCCATTTTTATTGGGTCTAAAACATCCGTAGCTTGTTTTGTAAGTTCCTTGTGAAATCTCATATCTCAAATATGGGGCGAGCAGGGAGTACTGCAAAGCTAGAGACAGGAAGACGTAACGAGTACGTTCAAAGTAGCGGTAAAATGTGTTAATCTTGGACGGACTAACAACAGCGAAGGCACGTTACGAGGACTGTTCTGACAGTAAGGGATGAAGGCTAGGGGCGCAAAACGG","Archaea","Nanoarchaeota","Nanoarchaeia","Woesearchaeales","SCGC AAA011-D5",NA,NA,NA
"172","TACTGAGGGTGCGAGCGTTAATCGGAATTACTGGGCGTAAAGCGCGCGTAGGCGGCTTACTAAGCCAGATGTGAAAGCCCCGGGCTTAACCTGGGAACTGCATTTGGAACTGGTTCGCTAGAGTACAGTAGAGGGTGGTGGAATTTCCAGTGTAGCGGTGAAATGCGTAGAGATTGGAAGGAACATCAGTGGCGAAGGCGGCCACCTGGACTGATACTGACGCTGAGGTGCGAAAGCGTGGGGAGCAAACAGG","Bacteria","Proteobacteria","Gammaproteobacteria","Oceanospirillales","Oleiphilaceae","Oleiphilus",NA,NA
"173","TTCCAGCTCCAATAGCGTATACTAATATTGTTGCAGTTAAAAAGCTCGTAGTTGAAACTATGGAGGTTTACCTCTTTCGTTTACTAAAACGAATTTTACTATGATTAAATTAGAGCGTTTCAGGCAGGCTTTTCGCTTGAATACATTAGCATGGAATAATAAAATATGATTTAATATATTAAGGTGTATATTAGATAATGATTAATAGGAGCAGTTGGGGGCATTCGTATTTAATAGTCAGAGGTTAAATTCTTGGATTTATTAAAGACGAACTAAAGCGAAAGCATGTGTCAAGGATGTTTTCATTAATCAAGAACGAAAGTTAGGGGATCAAAGATG","Eukaryota",NA,NA,NA,NA,NA,NA,NA
"174","TTCCAGCTCCAATAGCGTATACTAATATTGTTGCAGTTAAAAAGCTCGTAGTTGAAACTATGGAGGTTTACCTCTTTCGTTTACTAAAACGAATTTTACTATGATTAAATTAGAGCGTTTCAGGCAGGCTTTTCGCTTGAATACATTAGCATGGAATAATAAAATATGATTTAATATATTAAGGTGTATATTAGATAATGATTAATAGGAGCAGTTGGGGGCATTCGTATTTAATAGTCAGAGGTTAAATTCTTGGATTTATTAAAGACGAACTAAAGCGAAAGCATTTGTCAAGGATGTTTTCATTAATCAAGAACGAAAGGTAGGGGATCAAAGATG","Eukaryota",NA,NA,NA,NA,NA,NA,NA
"175","TTCCAGCTCCAATAGCGTATATTACAGTTGCTGCAGTTAAAAAGCTCGTAGCTGGATCTCGGGTCCAGGCTGGCGGTCCACCTCGTTGTGGTTACTGCCTGTTCTGACCCAACCTCTCGGTTGTAAACCCTTGGTGCTCTTGATTGAGTTGCTTCGGGTGGCCGAAACTTTTACTTTGAAAAAATTAGAGTGTTCAAAGCAGGCGATTCGCCTGCACAATGGTGCATGGAATAATGGAATAGGACCTCGGTTCTATTTTGTTGGTTTTCGGAACACGAGGTAATGATTAAGAGGGACTGACGGGGGCATTCGTATGGCGGGGTTAGAGGTGAAATTCTTGGATCCTCGCCAGACGGCCTACAGCGAAAGCATTTGCCAAGCATGTTTTCATTAGTCAAGAACGAAAGTCAGAGGTTCGAAGACG","Eukaryota",NA,NA,NA,NA,NA,NA,NA
