,X,Kingdom,Phylum,Class,Order,Family,Genus.x,Genus.y,Species,Significant to 
1,TACGGAGGGTGCAAGCATTAATCGGGATTATTAGGCGTAAAGGGTGCGTAGGCGGCTATGTAAGTCAAATGTGAAATCCTGGGGCTTAACCCCAGGGCTGCATTTGAAACTGCATGACTAGAGGATGGACGGAGGAAGCGGAATTCTACATGTAGCGGTGAAATGCGTGGATATGTAGAAGAACACCGGTGGCGAAAGCGGCTTTCTAGTTTAATCCTGACGCTGAGGCACGATAGCAGGGGGAGCAAACAGG,Bacteria,Verrucomicrobiota,Chlamydiae,Chlamydiales,NA,NA,NA,NA,Weight and Bucket 2018
2,TACGGAGGGGGCTAGCGTTGTTCGGAATTACTGGGCGTAAAGCGCGCGTAGGCGGCTGTCCAAGTCAGGGGTGAAAGCCCGCGGCTCAACCGCGGAACTGCCCTTGAAACTGGACGGCTTGAACACGGGAGAGGTGAGTGGAATTCCGAGTGTAGAGGTGAAATTCGTAGATATTCGGAAGAACACCAGTGGCGAAGGCGACTCACTGGACCGTAGTTGACGCTGAGGCGCGAAAGCGTGGGGAGCGAACAGG,Bacteria,Proteobacteria,Alphaproteobacteria,Sphingomonadales,Sphingomonadaceae,Sphingoaurantiacus,NA,NA,Weight and Bucket 2018
3,TACGGAGGATGCAAGTGTTATCCGGATTTATTGGGTTTAAAGGGTGCGTAGGTGGTCTGGTAAGTCAGAGGTGAAAGACGGTGGCTCAACCATCGCAGTGCCCTTGATACTATTGGACTAGATTACATTGGAAGTAGGCGGAATGTGCGGTGTAGCGGTGAAATGCGCAGATATCGCACGGAACACCAATAGCGAAAGCAGCTTACTATACTGTTAATGACACTGAGGCACGAAAGCGTGGGTAGCAAATAGG,Bacteria,Bacteroidota,Bacteroidia,NA,NA,NA,NA,NA,Weight and Bucket 2018
4,TACAGAGGGTGCAAGCGTTAATCGGAATTACTGGGCGTAAAGCGCGCGTAGGTGGTTTGTTAAGTTGGATGTGAAATCCCCGGGCTCAACCTGGGAACTGCATTCAAAACTGACTGACTAGAGTATGGTAGAGGGTGGTGGAATTTCCTGTGTAGCGGTGAAATGCGTAGATATAGGAAGGAACACCAGTGGCGAAGGCGACCACCTGGACTAATACTGACACTGAGGTGCGAAAGCGTGGGGAGCAAACAGG,Bacteria,Proteobacteria,Gammaproteobacteria,Pseudomonadales,Pseudomonadaceae,Pseudomonas,Pseudomonas,NA,Weight and Bucket 2018
5,TACGGAGGGTGCAAGCGTTAATCGGAATTACTGGGCGTAAAGCGAGTGTAGGCGGCTTCGTAAGTCGGATGTGAAAGCCCTGGGCTTAACCTGGGAATTGCATTCGATACTGCGCGGCTAGAGTCTGATAGAGGGAAGTGGAATTCCAGGTGTAGCGGTGAAATGCGTAGATATCTGGAGGAACACCAGTGGCGAAGGCGGCTTCCTGGATCAAGACTGACGCTGAGGCTCGAAAGCGTGGGGAGCAAACAGG,Bacteria,Proteobacteria,Gammaproteobacteria,Gammaproteobacteria Incertae Sedis,Unknown Family,NA,NA,NA,Weight and Bucket 2018
6,TTCCAGCTCCAATAGCGTATATTAAAGTTGTTGCAGTTAAAAAGCTCGTAGTTGGATCTCGGGTCCAGGCTTGTGGTCCGCCGCATGGCGGTTACTGCTCGTCCTGACCTACCTCCTGGTTTGCCCTTGGTGCTCTTGACTGAGTGTCTCGGGTGGCCAGAACGTTTACTTTGAAAAAATTAGAGTGTTCAAAGCAGGCAATTCGCCTGAATAATGGTGCATGGAATAATGGAATAGGACCTCGGTTCTATTTTGCTGGTTTTCGGAGCTTGAGGTAATGATTAAGAGGGACTGACGGGGGCATTCGTATTACGGTGTTAGAGGTGAAATTCTTGGATCGCCGTAAGACGAACTACTGCGAAAGCATTTGCCAAGAATGTTTTCATTAGTCAAGAACGAAAGTCAGAGGTTCGAAGACG,Eukaryota,NA,NA,NA,NA,NA,NA,NA,Weight and Bucket 2018
7,TACATAGGGTGCAAGCGTTATCCGGAATTATTGGGCGTAAAGCGTTCGTAGGCGGTTTATTAAGTCTGAAGTTAAAGCTCGGTGCTCAACACCGACCCGCTTTGGATACTGATAGACTAGAGTTATATAGAGGTTAGCGGAACTCCATGTGAAGCGGTGGAATGCGTAGATATATGGAAGAACACCAATGGCGAAGGCAGCTAACTGGATATACACTGACGCTGAGGAACGAAAGCGTGGGGAGCAAACAGG,Bacteria,Firmicutes,Bacilli,Mycoplasmatales,Mycoplasmataceae,Mycoplasma,NA,NA,Site and Volume 2017
8,TACGTATGTCGCAAGCGTTATCCGGAATTATTGGGCGTAAAGCGAGTCTAGGCGGTTTGTTAAGTCAGATGTGAAAATGCGGGGCTCAACTCCGTATGGCCTTTGATACTGGCAAACTAGAGTACTGGAGAGGTGGGCGGAACTACAAGTGTAGAGGTGAAATTCGTAGATATTTGTAGGAATGCCGATAGTGAAGACAGCTCACTGGACAGATACTGACGCTAAAGCTCGAAAGCGTGGGGAGCAAACAGG,Bacteria,Fusobacteriota,Fusobacteriia,Fusobacteriales,Fusobacteriaceae,Psychrilyobacter,NA,NA,Site and Volume 2017
9,TACGGAGGGTGCAAGCATTAATCGGGATTATTAGGCGTAAAGGGTGCGTAGGCGGCTATGTAAGTCAAATGTGAAATCCTGGGGCTTAACCCCAGGGCTGCATTTGAAACTGCATGACTAGAGGATGGACGGAGGAAGCGGAATTCTACATGTAGCGGTGAAATGCGTGGATATGTAGAAGAACACCGGTGGCGAAAGCGGCTTTCTAGTTTAATCCTGACGCTGAGGCACGATAGCAGGGGGAGCAAACAGG,Bacteria,Verrucomicrobiota,Chlamydiae,Chlamydiales,NA,NA,NA,NA,Site and Volume 2017
10,GACGGAGGATGCAAGTGTTATCCGGAATCACTGGGCGTAAAGCGTCTGTAGGTGGTTTAATAAGTCAACTGTTAAATCTTGAGGCTCAACTTCAAAATCGCAGTCGAAACTATTAGACTAGAGTATAGTAGAGGTAAAGGGAATTTCCAGTGGAGCGGTGAAATGCGTAGATATTGGAAAGAACACCGATGGCGAAAGCACTTTACTGGGCTATTACTAACACTCAGAGACGAAAGCTAGGGTAGCAAATGGG,Bacteria,Cyanobacteria,Cyanobacteriia,Chloroplast,NA,NA,NA,NA,Site and Volume 2017
11,TACATAGGGTGCAAGCGTTATCCGGAATTATTGGGCGTAAAGCGTTCGTAGGTGGTCAAGAAAGTCTGAAGTTAAAGCTCGGGGCTCAACCCCGACCCGCTTTGGAAACTACTTGACTAGAGTCATGAAGAGGTTAGCGGAACTCCATGTGAAGCGGTGGAATGCGTAGATATATGGAAGAACACCAATGGCGAAGGCAGCTAACTGGGAATGAACTGACACTGAGGGACGAAAGCGTGGGGAGCAAACAGG,Bacteria,Firmicutes,Bacilli,Mycoplasmatales,Mycoplasmataceae,Mycoplasma,NA,NA,Site and Volume 2017
12,GACGGAGGATGCAAGTGTTATCCGGAATCACTGGGCGTAAAGCGTCTGTAGGTGGTTTAATAAGTCGGCTGTTAAATCTTGAGGCTTAACTTCAAAACTGCAGTCGAAACTATTAGACTAGAGTATAGTAGGGGTAAAGGGAATTTCCAGTGGAGCGGTGAAATGCGTAGATATTGGAAAGAACACCGATGGCGAAGGCACTTTACTGGGCTATTACTGACACTCAGAGACGAAAGCTAGGGTAGCAAATGGG,Bacteria,Cyanobacteria,Cyanobacteriia,Chloroplast,NA,NA,NA,NA,Site and Volume 2017
13,TACGGAGGGTGCAAGCGTTACTCGGAATCACTGGGCGTAAAGAGCGTGTAGGCGGGTTTGTAAGTTTGAAGTGAAATCCAATGGCTCAACCATTGAACTGCTTTGAAAACTGCTTACCTAGAATATGGGAGAGGTAGATGGAATTTCTGGTGTAGGGGTAAAATCCGTAGAGATCAGAAGGAATACCGATTGCGAAGGCGATCTACTGGAACATTATTGACGCTGAGACGCGAAAGCGTGGGGAGCAAACAGG,Bacteria,Campilobacterota,Campylobacteria,Campylobacterales,Arcobacteraceae,Poseidonibacter,Poseidonibacter,lekithochrous,Site and Volume 2017
14,TTCCAGCTCCAATAGCGTATACTAATGTTGTTGCAGTTAAAAAGCTCGTAGTTGAAATTATATCTCATCAGAGATCAACCTTTATGGTGATTATTGTGAATAAATTAGAGTGTTTCAGGCAGACTACGTTTGAATACATAAGCATGGAATAATAAAATATGAATTTTTAATTTTGGTTTTAAATTTTAATGATTAATAGAAGCAATTGGGGGCATTCGTATTTAATAGTCAGAGGTAAAATTCTTGGATTTATTAAAGACGAACTAAAGCGAAAGCATTTGTCAAAGATGTTTTCATTAATCAAGAACGAAAGTTAGGGGATCAAAGACG,Eukaryota,NA,NA,NA,NA,NA,NA,NA,Site and Volume 2017
15,TACGAGGGGTGCAAGCGTTAATCGGAATTACTGGGCGTAAAGCGTACGCAGGCGGTTGATTAAGCGAGATGTGAAAGCCCCGGGCTTAACCTGGGAACTGCATTTCGAACTGGTCAACTAGAGTCTTGTAGAGGGGGGTAGAATTTCAGGTGTAGCGGTGAAATGCGTAGAGATCTGAAGGAATACCGGTGGCGAAGGCGGCCCCCTGGACAAAGACTGACGCTCAGGTACGAAAGCGTGGGGAGCAAACAGG,Bacteria,Proteobacteria,Gammaproteobacteria,Alteromonadales,Shewanellaceae,Shewanella,Shewanella,NA,Site and Volume 2017
16,TACATAGGGTGCAAGCGTTATCCGGAATTATTGGGCGTAAAGCGTGCGTAGGCGGTTTACTAAGTCTGAAGTTAAAGCCTGGGGCTCAACCCCAGCCCGCTTTGGATACTGGTAGACTAGAGTTATATAGAGGTTAGCGGAACTCCATGTGAAGCGGTGGAATGCGTAGATATATGGAAGAACACCAAGAGCGAAGGCAGCTAACTGGATATACACTGACGCTGAGGCACGAAAGCGTGGGGAGCAAACAGG,Bacteria,Firmicutes,Bacilli,Mycoplasmatales,Mycoplasmataceae,Mycoplasma,NA,NA,Site and Volume 2017
17,TACGTAAGGAGCGAGCGTTGTTCGGAATTATTGGGCGTAAAGTGCGTGCAGGCTGTTTATTAAGTCTGATGTGAAAGTGCACAGCTTAACTGTGTTGTTGCGTTGGAAACTGGTAAACTAGAATTCGAGAGAGGAAATTGGAATTCCTGGTGTAGGGGTGAAATCTGTTGATATCAGGAAGAACACCTGAGGCGAAAGCGAATTTCTGGCTCTGAATTGACGCTGTAGCGCGAAAGCGTAGGGAGCAAACAGG,Bacteria,Spirochaetota,Spirochaetia,Spirochaetales,Spirochaetaceae,NA,NA,NA,Volume and Bucket 2018
18,TACGGAGGGGGCTAGCGTTGTTCGGAATTACTGGGCGTAAAGCGCGCGTAGGCGGCTGTCCAAGTCAGGGGTGAAAGCCCGCGGCTCAACCGCGGAACTGCCCTTGAAACTGGACGGCTTGAACACGGGAGAGGTGAGTGGAATTCCGAGTGTAGAGGTGAAATTCGTAGATATTCGGAAGAACACCAGTGGCGAAGGCGACTCACTGGACCGTAGTTGACGCTGAGGCGCGAAAGCGTGGGGAGCGAACAGG,Bacteria,Proteobacteria,Alphaproteobacteria,Sphingomonadales,Sphingomonadaceae,Sphingoaurantiacus,NA,NA,Volume and Bucket 2018
19,TACGGAGGATGCAAGTGTTATCCGGATTTATTGGGTTTAAAGGGTGCGTAGGTGGTCTGGTAAGTCAGAGGTGAAAGACGGTGGCTCAACCATCGCAGTGCCCTTGATACTATTGGACTAGATTACATTGGAAGTAGGCGGAATGTGCGGTGTAGCGGTGAAATGCGCAGATATCGCACGGAACACCAATAGCGAAAGCAGCTTACTATACTGTTAATGACACTGAGGCACGAAAGCGTGGGTAGCAAATAGG,Bacteria,Bacteroidota,Bacteroidia,NA,NA,NA,NA,NA,Volume and Bucket 2018
20,TACGAAGGGGGCAAGCGTTGTTCGGAATTACTGGGCGTAAAGCGCACGCAGGCGGATATTTAAGTTAGAGGTGAAATCCCTGGGCTCAACCCAGGAACTGCCTTTAATACTGGATATCTTGAGTACGTGAGGGGATAGCGGAATACCTAGTGTAGAGGTGAAATTCGTAGATATTAGGTGGAACATCAGAGGCGAAGGCGGCTATCTGGCACGTAACTGACGCTCATGTGCGAAAGCGTGGGGAGCAAATAGG,Bacteria,Proteobacteria,Alphaproteobacteria,NA,NA,NA,NA,NA,Volume and Bucket 2018
21,TTCCAGCTCCAATAGCGTATATTAAAGTTGTTGCAGTTAAAAAGCTCGTAGTTGGATCTCGGGTCCAGGCTTGTGGTCCGCCGCATGGCGGTTACTGCTCGTCCTGACCTACCTCCTGGTTTGCCCTTGGTGCTCTTGACTGAGTGTCTCGGGTGGCCAGAACGTTTACTTTGAAAAAATTAGAGTGTTCAAAGCAGGCAATTCGCCTGAATAATGGTGCATGGAATAATGGAATAGGACCTCGGTTCTATTTTGCTGGTTTTCGGAGCTTGAGGTAATGATTAAGAGGGACTGACGGGGGCATTCGTATTACGGTGTTAGAGGTGAAATTCTTGGATCGCCGTAAGACGAACTACTGCGAAAGCATTTGCCAAGAATGTTTTCATTAGTCAAGAACGAAAGTCAGAGGTTCGAAGACG,Eukaryota,NA,NA,NA,NA,NA,NA,NA,Volume and Bucket 2018
